,A,B,C,D
2000-01-01,1.4706239467858526,-2.4014462930003107,-0.8633301822177978,1.1970093735030811
2000-01-02,2.8226210354802084,-3.7227159679651596,-1.8393116945810981,0.9134568321107
2000-01-03,3.677003176731846,-3.6814777734226585,-0.4572276420431185,1.4128980169956762
2000-01-04,2.5387744268742054,-2.6443805201452717,-0.03906441853264331,1.4289432072079273
2000-01-05,2.3249982595194214,-1.4882440526124145,-0.07171469905782737,0.2908347549183461
2000-01-06,0.8636748723610459,-1.2222668032638988,1.073822728569075,0.48899645453956614
2000-01-07,2.4120281359977263,-1.0709918707374972,0.6119645448256952,0.36665509551798525
2000-01-08,3.9656199645000663,-0.7800731346436743,0.027189237067258842,-0.3777830870441834
2000-01-09,6.114431895948229,-0.6648068112968973,-0.41686364487293254,-1.4032578626496652
2000-01-10,5.057964553589265,-0.5143856252442717,0.512743482433264,-1.9281696556029604
2000-01-11,7.559396573558132,0.6081414205992292,2.008978388327443,-1.4802474499759082
2000-01-12,7.900646185804719,1.6198833043071867,1.4824257931440141,-0.6382215796973884
2000-01-13,7.57320178116751,1.5573817438753232,1.2063226221533745,-2.041048864307238
2000-01-14,7.606444423128753,3.36810626862706,1.1768522153220327,-3.919531138979467
2000-01-15,8.921940036972355,2.415774566157186,1.8469110516208038,-2.858988204996966
2000-01-16,7.166921463631818,3.1618087520998954,2.2691784690373673,-3.2504994495449657
2000-01-17,7.020193127565818,2.7845560129115188,-0.34110912238841085,-2.614372573226212
2000-01-18,8.246358198405677,0.9507509762820867,0.9334867754848761,-2.391302766701334
2000-01-19,8.572075001162263,2.24800306666482,1.8959642056157304,-3.2503684557268886
2000-01-20,6.869382500567431,1.3580863301834047,1.5527273690625827,-4.463034821266396
2000-01-21,6.621022561140003,2.4908877621619925,1.2417494158990379,-4.716734260448254
2000-01-22,5.97041927236529,2.5349630549961333,1.5875293469952263,-5.581565302318613
2000-01-23,7.6469911639551205,2.4706549928043113,0.31490771931258554,-5.215092437955588
2000-01-24,6.912566100648678,3.5226256729629988,-0.24972851426716358,-4.278113921151615
2000-01-25,6.896072211109078,6.206188181685521,0.8593587759749034,-5.090434737449663
2000-01-26,6.963184627248728,7.581628719285653,2.150051482104501,-4.244045676706239
2000-01-27,5.119888834559397,7.048902856895387,1.4224311487587094,-1.9450902874911935
2000-01-28,6.846043964689895,6.630219819624194,2.9340240219719966,-3.004388319526799
2000-01-29,7.52533851524546,6.634966681291634,2.5351563870615674,-1.3839727908218575
2000-01-30,7.2313921025327,6.988743219653094,2.145346981143337,0.1952623402075664
2000-01-31,7.4216610980224305,6.949478492554497,1.017726544121783,-0.019536912589025457
2000-02-01,9.936773484079163,6.712406216978381,2.0324091878765067,-0.18783952626251352
2000-02-02,9.353691084558891,5.6357653875752165,2.7114239173948955,-0.8743721686630751
2000-02-03,8.406535914898111,5.478477994294048,2.8562329046731314,-1.1035498255627476
2000-02-04,8.908135611080633,4.940155800844318,0.576992548486774,-1.5972349467361888
2000-02-05,8.643521955990721,6.295064749805619,1.1161186179805451,-0.08816917822195713
2000-02-06,8.47251918301077,7.038116860086884,3.6912005764210383,0.5477095649306931
2000-02-07,7.424916109070942,6.39368215103503,2.5271735628571212,-1.533870246769776
2000-02-08,6.9241902676608875,7.298126658901138,1.5863631316006366,-2.382143144441325
2000-02-09,8.118565668953922,6.223622763059901,1.0718417662191486,-2.802809077919856
2000-02-10,7.561346678475089,5.571301121677083,0.36282653629784956,-1.484185043904962
2000-02-11,7.171628035953578,4.362195950750335,1.338827693647629,0.30473872401192503
2000-02-12,5.752246416546767,4.035911458291813,3.005298091162504,-1.3208415986111142
2000-02-13,5.565215000572286,3.7853470969315386,4.078498718345594,-2.7021557530814904
2000-02-14,6.470983777957435,4.605265367846883,2.056261524415976,-1.6741483414448781
2000-02-15,6.218690898932334,3.2166009861499205,1.4085532313690035,-0.5107889536440482
2000-02-16,4.848672616692891,2.0995872497716928,-0.6831495955981408,-0.8515200226364166
2000-02-17,5.163536652775589,3.038277793811747,-0.49169387168251955,-1.3463206380587258
2000-02-18,4.240166579993525,2.993852908256389,1.5669342357450446,-2.9533726186354063
2000-02-19,4.051735062401631,2.922014183365683,1.734415718915974,-2.9419369407794105
2000-02-20,5.274116101159027,1.3814559791064773,2.4754603623199585,-3.8948208598506557
2000-02-21,4.92218565286276,-0.015277282163669748,2.3140980575684917,-4.705408855397758
2000-02-22,5.532569817774624,-0.9316189032351454,2.5075663023495425,-4.981792667184254
2000-02-23,7.2140452800934725,0.03922994282387049,0.7389857436788878,-4.887603873403199
2000-02-24,7.73778071327239,0.15890449529291095,1.8656218006710954,-4.303214145539061
2000-02-25,6.862393713348315,1.0168928605947196,3.5174823908950374,-5.994073053979351
2000-02-26,5.389578137754074,1.203800194978523,2.3369855479052584,-4.526016514591782
2000-02-27,5.658823244667786,1.1707000010809945,2.2333445255586226,-2.949684865132397
2000-02-28,5.840702561317338,0.9381024121414525,2.4606789913592966,-3.7924002011429314
2000-02-29,6.949160873082568,2.9312987823793892,2.7353904507525306,-4.797835802226286
2000-03-01,6.360416739832882,2.7641799729982797,2.8569263608228934,-4.459264519489645
2000-03-02,7.628375813169093,2.9615405732659927,5.245266701191696,-4.5474012125118115
2000-03-03,6.623401244976581,3.87919861201081,5.07282565459436,-7.079485337936303
2000-03-04,7.727697518539799,4.2545982607125445,6.2374400314757565,-7.371589662936814
2000-03-05,6.019302408930959,5.81031626068479,6.546657567508282,-7.342743972973807
2000-03-06,6.1800787584440915,4.687184155425608,6.420787148242208,-7.143257318796223
2000-03-07,5.544323377674842,3.7415274179639155,6.23600300040201,-7.377297674390996
2000-03-08,4.527070723523924,3.774478882659096,8.454877186961397,-7.779928098984245
2000-03-09,3.706684051802113,4.061259714182733,9.441196922252006,-8.117182552655068
2000-03-10,4.6674555051928746,3.341284894876908,7.483224146317246,-7.220971397571763
2000-03-11,4.718271566139966,4.8194884357848835,7.5078063718224755,-5.907992132879236
2000-03-12,5.337004392400284,4.37484107173405,8.539257635151982,-4.834633143801168
2000-03-13,5.22648464822139,3.862143410159408,7.457148505719079,-4.057968093736656
2000-03-14,6.005238531104469,2.016453250350237,6.640365880092478,-4.197830602540207
2000-03-15,7.421609014013759,1.6663319317262018,7.494321446721096,-4.805573903538778
2000-03-16,8.118030056393117,2.2909972317896683,6.586272851412435,-5.959990032419719
2000-03-17,9.608299051346357,2.885039532358329,8.171262787665182,-6.2194991879344075
2000-03-18,9.893780954906392,3.560530829367988,9.032326455537959,-5.603320373876908
2000-03-19,9.580355792954053,2.252181322916586,9.049778149448931,-5.3629884180176575
2000-03-20,9.697821380400395,2.417924332997509,10.183904000798139,-5.137228206430151
2000-03-21,9.697263926831164,2.7710195330643037,10.590924151984243,-5.45303917675364
2000-03-22,8.813191580911838,4.936666169658111,10.718622050123699,-6.811238087126792
2000-03-23,8.57749961479638,4.915806857863156,11.142370345463684,-6.960478189228057
2000-03-24,7.60171271461728,4.880592276817963,10.732344713532305,-7.250611049200228
2000-03-25,6.778608196541482,4.775629086944996,10.490652129605136,-8.48464411507057
2000-03-26,6.5209154183015325,6.279841758574204,9.207648140041272,-8.662152090015262
2000-03-27,6.2162797447830975,5.859676812551072,7.606702294967986,-10.202902155337437
2000-03-28,7.167118266895917,5.586768875413707,5.708200985398525,-9.705249041914582
2000-03-29,6.5698800745387205,4.451468715775308,5.235509850083402,-9.542932082381647
2000-03-30,6.550437775782031,2.3181749726472973,8.209885889627635,-11.85771911446837
2000-03-31,5.725943037699388,0.15478312782694292,8.385497201342412,-11.126014613271021
2000-04-01,5.816295209245315,1.3123340760176887,7.170005528287389,-10.603527054495789
2000-04-02,6.283407262298342,1.0125251033220473,8.057476427211249,-10.17778308974515
2000-04-03,5.386853822896794,1.935065287858368,6.792507889488705,-11.241318483839724
2000-04-04,5.1986716289231385,2.0299283740478824,6.680465523008136,-11.828468422468314
2000-04-05,5.070632663221077,3.8679580203487016,6.497254971114045,-14.211709130970211
2000-04-06,4.6357498992926,3.1031242387593387,6.3495832456820915,-14.391373530900088
2000-04-07,5.169992976895107,2.6071900592341684,7.162255571965501,-14.388801671435463
2000-04-08,6.043985767062413,1.7902243115804635,6.899829231199918,-14.080701412348974
2000-04-09,6.820486973002768,0.9146604077574175,6.988610022229113,-14.81340456715903
2000-04-10,6.455909204069129,0.1480655680565851,7.883869348106461,-15.177689884292809
2000-04-11,7.507909740112937,-0.3874223092331879,8.045177909642588,-12.9105060769648
2000-04-12,7.6679744947286546,-1.4787938488818717,7.203252877805051,-11.16514382125509
2000-04-13,7.984513079238499,-2.1086938757569236,5.5577531369435995,-10.08477979204092
2000-04-14,8.125444586751676,-2.4548859767853166,4.710798967703156,-10.940241236105658
2000-04-15,9.670277476883127,-3.2617881280738334,3.5814754505836177,-11.944135857287517
2000-04-16,8.557828071270624,-3.3979913525086043,3.082011949692828,-10.179283040888226
2000-04-17,8.471932522141179,-3.850334930637657,2.4949111155990336,-10.185513286496505
2000-04-18,9.683620827636155,-3.3629817198906755,2.0328063332913553,-8.999894592081613
2000-04-19,8.377180605630183,-5.785519003733728,3.464471300518819,-11.636788247741219
2000-04-20,8.204460521354752,-4.006038435281606,1.5728982247681216,-12.110099291687629
2000-04-21,8.880343125480952,-2.3623638681125736,1.1141832266960192,-14.404024892093407
2000-04-22,10.003232851597879,-0.8748758443339599,1.7020200082728358,-14.170872934435295
2000-04-23,7.98300492871428,-1.6624679696492608,2.451009362847535,-14.482986523701234
2000-04-24,8.76172060537025,-0.942309000524394,3.836306226052617,-13.530805174185085
2000-04-25,10.278630567961676,-3.4952816568861214,3.0094413554830783,-13.438603128212456
2000-04-26,9.55872703045435,-4.460586688140707,1.2502310114643453,-12.863681947898407
2000-04-27,9.314192560526482,-4.240345081132757,0.302502795153085,-13.281732718885301
2000-04-28,9.172721921648266,-3.472985690809003,1.2605792504739313,-11.804273622777732
2000-04-29,9.18108295817149,-3.2219517613057964,1.6000695205094844,-11.503202406815275
2000-04-30,9.764912330058266,-2.8281446787847053,1.9413624198887627,-12.512668214840248
2000-05-01,11.023067744435947,-2.9754651354808357,0.5250326947567583,-11.846154170582706
2000-05-02,10.174513694413776,-2.406089698093719,0.7775901465649827,-14.477497601000188
2000-05-03,8.579906446878498,-3.5649402971247115,0.9703305290381234,-14.207098241924788
2000-05-04,8.291964560374822,-5.1502342016499885,-0.6319686894487782,-13.673596495214879
2000-05-05,8.485791021501385,-4.632733120777248,-0.46745557531221427,-13.166114305855665
2000-05-06,8.607276451685586,-3.06801381071584,-0.9658303286957377,-12.64523486341725
2000-05-07,7.98983020867775,-2.407345785238064,-0.7031430984766818,-13.257216167822698
2000-05-08,7.635780297650736,-2.913038037070092,1.6079605765380256,-11.197768160219647
2000-05-09,7.063533642205086,-3.487038873050989,0.7476113318439628,-12.435305907186573
2000-05-10,8.187283077324977,-4.19228173036265,-0.6337067868274575,-13.123747306580764
2000-05-11,10.130597339762573,-5.600925366468074,-1.7527401421864124,-13.53788844372744
2000-05-12,9.711138474582498,-5.709643900245175,-2.648261008535504,-14.91228218303914
2000-05-13,10.453661552963386,-5.837332030126819,-2.3806825182666285,-14.32775125700039
2000-05-14,10.827985893267376,-5.124010105960897,-3.0185066973286654,-15.063339153335193
2000-05-15,11.515101192031835,-4.881234186276178,-2.5968303218236004,-14.544694406148444
2000-05-16,11.235522458396416,-5.169076108838907,-2.6758920972993137,-14.366887982244995
2000-05-17,10.813863167407106,-5.970366333952587,-2.501017385227301,-14.764700675935178
2000-05-18,9.960537373886774,-5.980118411728083,-3.127684166085058,-16.14949487948355
2000-05-19,8.785620693478032,-5.541870590947154,-1.885190398528489,-15.607773057771618
2000-05-20,7.305167079818871,-6.877426958456067,-1.9596330924166698,-15.407209839255202
2000-05-21,7.52560250771173,-5.690561589860755,-3.152761649926135,-13.72056343046674
2000-05-22,7.604112755941822,-7.007597539353897,-1.6513948191557979,-15.640701143869084
2000-05-23,7.702170808697532,-7.256984181246067,-2.3040271259436595,-14.359779578389373
2000-05-24,7.182161406720754,-6.667380212877531,-2.421423133115889,-12.534082528029593
2000-05-25,6.303320859766394,-7.086675412907772,-3.0486112391848197,-12.319337127588668
2000-05-26,7.89266363518814,-8.13177550633826,-2.9535362177971516,-12.213063680390446
2000-05-27,9.709492437170839,-8.059158978081998,-2.6324012190990795,-11.159719861595415
2000-05-28,9.466033069218765,-8.240452770635276,-1.7621901353100844,-11.375545001967168
2000-05-29,7.596673354628464,-8.958150370968847,0.18710742427293048,-12.276395921657299
2000-05-30,8.138767877641797,-9.122656294048022,0.2614297178949485,-11.749488372672383
2000-05-31,10.26006780644633,-7.843430329430763,0.1969967802356761,-12.405495956877571
2000-06-01,10.647380210180382,-8.655115169059053,-1.0764102336618548,-12.907054692599452
2000-06-02,11.425316136095267,-9.07081947427219,-2.6199180889704934,-12.275219439236142
2000-06-03,11.498949932328285,-9.405520299537992,-3.241470830067873,-13.159632176131378
2000-06-04,12.563579225035953,-9.43296281810251,-4.814149500310036,-12.097063653365993
2000-06-05,10.705597885581554,-8.023956762196525,-4.056206281031183,-10.888133047727083
2000-06-06,11.299181817939564,-6.173991703075375,-4.85164480135183,-12.438871399121908
2000-06-07,10.382557481816612,-5.576888057770922,-4.158160450062239,-11.790153051842738
2000-06-08,9.590430120184815,-5.531415651450439,-4.173535242097504,-10.917158748375211
2000-06-09,10.498760762466164,-5.8547177084818145,-4.871603790810636,-11.046303329214522
2000-06-10,9.360286411787978,-4.955653828612292,-5.730808987338079,-10.839286723972094
2000-06-11,8.155218100323761,-5.010329848727543,-4.717813596678912,-11.198497414609257
2000-06-12,6.678980020559273,-4.195321772749065,-3.73412909751749,-10.823782299008128
2000-06-13,6.699000198450498,-2.019038932903552,-2.401509331696711,-9.930353496020867
2000-06-14,6.863669259536192,-3.1843148750802674,-1.2619894652305466,-9.981602738292235
2000-06-15,7.82218843059899,-4.632647257994007,-1.2890498106091217,-10.271454536872747
2000-06-16,8.699683005709018,-7.598092223955,-1.2990372098265075,-8.74388567649984
2000-06-17,8.066304190801102,-6.192105454799021,-1.201001538128308,-8.18310102000864
2000-06-18,7.645509392709558,-6.210681398362336,0.7056364871449408,-7.089082648766675
2000-06-19,8.24707583628298,-6.687560949243092,-1.121856931618387,-6.327520046374213
2000-06-20,8.422947016539018,-7.243344320002388,-1.045996740925141,-6.382759210863303
2000-06-21,8.815643332072515,-6.507117126321028,-1.494510545058372,-6.680796980283441
2000-06-22,7.2145540457121955,-5.415103038735555,-2.449581897039343,-5.881773827005625
2000-06-23,8.725894805103254,-6.383842910557484,-1.2370962629941997,-4.534721862672485
2000-06-24,8.165030944851328,-7.690557809044454,-1.1946238023585776,-4.568976106227458
2000-06-25,8.204309697303193,-8.39067960446061,0.7502658775416879,-3.3569058791192274
2000-06-26,7.707996434934206,-6.540615406324422,2.249049292919566,-2.1792748196456144
2000-06-27,6.69436490913759,-6.323976621769692,3.3287715354948904,-3.2354966356404216
2000-06-28,6.659329532088534,-5.939184893150244,3.2514676806915435,-4.099983917951213
2000-06-29,6.565079829616447,-5.878023697395768,3.6474234668197685,-5.0436655001886415
2000-06-30,6.737418896009749,-5.02377557029698,3.8938570674034154,-4.166899659996271
2000-07-01,6.395605762601072,-3.9517508979975347,2.0925937015246787,-6.01512050216011
2000-07-02,4.959852891517084,-5.424413154711722,3.1342811697893245,-5.85124769755758
2000-07-03,5.800719286588079,-5.850610471022987,4.215099716797784,-6.350329765294797
2000-07-04,5.872481718653468,-6.51660142026666,3.5725221825007987,-6.738170624236447
2000-07-05,6.020830817837965,-6.657128111974186,1.7972406554941167,-4.864254112532537
2000-07-06,8.692101820901453,-5.98085553344214,1.3441671653394125,-6.996806977989938
2000-07-07,9.635559391349016,-6.426916564385299,1.3764989369455198,-5.454169767821373
2000-07-08,9.089640673911106,-4.552390216604997,2.206789600856508,-4.455169320910046
2000-07-09,9.812723485527973,-4.23531249728401,1.3816863436143398,-3.9233154446481935
2000-07-10,8.702985676202985,-4.868961709451848,-0.3176933430818727,-1.3362627913061487
2000-07-11,10.71022729490823,-5.059618708511404,-0.2686675140662437,-0.43920452200633187
2000-07-12,12.812984840782505,-4.012185012866917,-1.2163193758707318,-0.8279478906604245
2000-07-13,11.376025214324846,-2.3677920022512216,-1.2763407921648542,0.5276813995581169
2000-07-14,11.936209263078961,-1.7615431438217093,-0.7567905398384078,1.4124111723762163
2000-07-15,13.298946373002623,-1.859501076768249,-2.0493835822464703,0.321794925569969
2000-07-16,12.957542509193177,-2.0893113736974427,-1.8498248543011457,0.6244717286795911
2000-07-17,13.160221022040629,-2.7280023512953764,-1.0325614093615267,2.436199928508321
2000-07-18,13.08775840321422,-2.9533007698704083,-1.01003074809602,2.8284615256727017
2000-07-19,12.692668267853184,-2.063593943197792,-2.9872935987286433,3.7263112400948524
2000-07-20,11.686272842858122,-3.374339663644464,-3.8298280324579386,3.193156937408761
2000-07-21,11.284488054411893,-4.66907325773144,-4.320908400079821,3.030758790374411
2000-07-22,11.950232620061964,-5.163234857875853,-4.806168350481448,4.419468028124998
2000-07-23,9.874156165907925,-3.9766806731994944,-5.922526652367124,5.13497764984641
2000-07-24,10.858548139610157,-3.3537642810387607,-5.274207371824156,5.523225411938546
2000-07-25,9.200986222166062,-2.395090632801656,-5.657598579161719,4.01573755242146
2000-07-26,7.6788489937325926,-1.3116974477584176,-4.911629448195627,4.470175242964881
2000-07-27,7.752535842570428,-0.5948753447564757,-3.304823825750519,5.080076153850516
2000-07-28,9.660008356991618,-1.4459806486015832,-1.3904134997384083,5.930354921244473
2000-07-29,8.530497568222387,-1.069009805569018,-0.3987090015101731,3.7808770434530428
2000-07-30,9.27539892489897,-0.7516357019342199,-0.5356937699667922,3.4124227568469943
2000-07-31,7.442543019224885,-1.8360229884327366,0.11018151210163263,4.62055876101596
2000-08-01,8.003191445708453,-2.103872118798818,0.3952366030749934,3.822697034220284
2000-08-02,5.205940633745981,-1.645656458645155,-0.7553794085056811,3.664877903594156
2000-08-03,5.011199352919645,0.46762542920042405,-0.3505248116345585,5.815198531729157
2000-08-04,5.255052342137968,2.066189064480548,-0.623465615081149,6.319051982494755
2000-08-05,5.272579417771936,1.8824024969458972,-0.8362920367030156,6.324445291908669
2000-08-06,6.866513411904684,0.11502449693413497,-0.5578467392063067,6.804180641003281
2000-08-07,7.318828536301331,-0.7394954199053294,-2.2700036010295097,5.462338534428055
2000-08-08,6.950991767256602,-1.399951209978423,-2.0937756080408882,5.421056440968999
2000-08-09,6.649038466768993,-2.463076594874891,-3.04938625047572,6.296544394429281
2000-08-10,6.490048882502463,-2.6379959821003545,-3.552934972254203,5.1595265120084015
2000-08-11,7.999915117066073,-1.6251760165869005,-2.751405533954309,4.0393507905570365
2000-08-12,8.969030373722209,-1.2120145697285702,-4.852584981885841,4.538237487246306
2000-08-13,8.612520396769632,-2.3194790381005035,-2.884054991822066,5.687815463645417
2000-08-14,10.178573838580512,-2.0045822770428106,-0.6809752827205071,5.663180217087479
2000-08-15,9.741999207367304,-2.5358066210258614,-1.626901863382741,6.380662283445357
2000-08-16,10.419470250128093,-1.8847568223496085,-1.0490662122835979,6.379311909630198
2000-08-17,10.184100374420328,-3.480472040401483,-2.034766259901203,7.2257584667124775
2000-08-18,9.646102304437994,-3.094733208460434,-2.6173549077179827,6.951146008608048
2000-08-19,9.07432550441254,-3.079345677982254,-2.163190598828601,7.844726927915483
2000-08-20,7.667018346091087,-3.3242454445501175,-2.3666738939553986,7.85453382722025
2000-08-21,5.558709938324119,-2.130211727258269,-1.523808132460889,6.038479646324955
2000-08-22,5.7295296712865955,-1.178031732013197,-3.2152956594241524,6.488377678063142
2000-08-23,5.130655685839066,-2.2055495326501457,-1.2493153403421442,7.1646245423509285
2000-08-24,5.2090097268355295,-1.116534751874387,0.9049724966342485,8.19417367286664
2000-08-25,5.2085458015503,-1.776545458731849,1.8916244028771105,7.619882094826845
2000-08-26,5.086828266414896,-1.8155660666415994,1.248118874430779,7.494960989316805
2000-08-27,5.065302735154949,-4.5615984630254856,2.2626886723620006,5.546619444165922
2000-08-28,3.8584037380374054,-6.65787137543059,0.9899601230537864,5.1395139600275686
2000-08-29,3.7094269564697626,-5.9347817651774495,3.631704081015421,5.692805673783415
2000-08-30,2.469342307808402,-5.08279474894332,2.0994917193614056,5.7778031645481756
2000-08-31,1.8613173072885874,-6.965098191222496,1.2857150043223644,5.324219922473472
2000-09-01,1.243293146626945,-7.335382387574234,0.5953403005638561,6.516179009860921
2000-09-02,0.8866802393869653,-7.49419773318364,1.7633832559287597,5.899271722140581
2000-09-03,0.24444482600681983,-7.6125751924318505,3.240049317414714,5.674426767953397
2000-09-04,1.3348412625709014,-7.527583935523149,3.787352087704359,5.4283672752607
2000-09-05,2.260753871225618,-6.633447309532883,4.46053939589103,4.706824879082278
2000-09-06,3.851792104156363,-6.5101434128026385,4.530167643517782,5.815682248821363
2000-09-07,2.835177707009927,-7.443536016961904,3.429677128578025,5.671364718438713
2000-09-08,1.763319963770148,-7.616093661414323,1.1431010430939996,5.215178353393099
2000-09-09,1.7612997715412027,-9.543336401186451,0.03729453252081827,5.504435741865662
2000-09-10,2.5884406205018786,-10.663114723025394,0.6832538977322481,5.918125373638978
2000-09-11,2.0028839782946193,-11.133329570205559,0.4455005531173725,5.893822405529687
2000-09-12,1.7308241629766652,-11.287022030967304,-0.7675046280312536,5.878830807753762
2000-09-13,-0.08798179399536155,-10.141085793237337,0.010012596697374088,8.08073160428301
2000-09-14,1.1489157143272215,-8.937526108855545,-1.4027178791833155,9.683335940859
2000-09-15,0.3560760091699908,-9.427244646774119,-1.6188422882837514,8.550560278481088
2000-09-16,0.7032478539636485,-11.054337700300554,-2.3031439472407182,9.761096111740185
2000-09-17,0.9443926232134207,-10.179812250143474,-1.041494359480712,10.530129256663304
2000-09-18,1.046157651855526,-8.261358280966586,-2.61519988744599,10.999845501802026
2000-09-19,1.4504747074989695,-8.352213156710002,-4.062243781116585,11.456488388594536
2000-09-20,3.6311590838078978,-8.1607194492613,-2.3978547857097388,10.961064372238575
2000-09-21,2.887818947280148,-9.047460467611474,-1.7107704834246833,11.667927160656063
2000-09-22,3.575814931217695,-10.755587703887853,-2.1015012062048317,11.394470787311223
2000-09-23,4.475315953364419,-9.718973250258209,-2.7338259836515544,12.962972839922504
2000-09-24,5.507287134280379,-9.78128977976826,-2.3712325387439286,12.661907844350624
2000-09-25,5.760278110587273,-10.60000700190663,-3.2394863103743248,13.57377665307845
2000-09-26,4.34580946318679,-9.822985342667069,-3.1263990987321155,13.851781689240072
2000-09-27,6.470990139106538,-7.9184080381134745,-4.147705528701623,13.18190219712569
2000-09-28,6.486509522440776,-7.497748425264327,-4.593402605144565,11.374042187974817
2000-09-29,6.15049712629361,-5.042726349925354,-3.4349531747235478,11.480328528693999
2000-09-30,7.435042700190911,-4.3895002164211165,-3.731636776937647,11.427953782776743
2000-10-01,7.2447229162411695,-4.212905616316775,-2.7637433682545356,12.93044214588497
2000-10-02,7.750544428227289,-3.604331416618169,-2.3630583886018717,14.330560823668403
2000-10-03,9.742496482742064,-2.6996641352246984,-1.8396035557673707,15.389076603638474
2000-10-04,9.740356765226192,-3.531239042666876,-1.4003766335601566,14.941906130599207
2000-10-05,8.243203006825244,-2.0832325799615155,-0.998248102042556,14.543207087021614
2000-10-06,8.23630068608154,-2.1104064005719176,-1.486909424011135,14.47578620960285
2000-10-07,8.40864594494633,-1.679294089239292,-1.9676127373075813,14.637202239101223
2000-10-08,8.48509014805984,-2.1513234610586167,-2.0365703878405457,14.89063194509767
2000-10-09,10.01630258782277,-3.4898250741918755,-2.119839747800045,14.573178266480816
2000-10-10,10.197462330821292,-3.652517466427398,-2.1016081584090873,14.382508238318119
2000-10-11,12.08104454386032,-3.026324916812553,-3.075292173802265,15.685714594436766
2000-10-12,11.690865494348945,-2.437361076779415,-3.194519881069564,16.341560412571603
2000-10-13,11.651737497441042,-3.1664369542452273,-2.407821193513087,17.0152751660225
2000-10-14,13.028114604694562,-3.600556590968267,-3.6707645658243253,18.153848882975428
2000-10-15,12.311452089789153,-4.891595320247619,-6.040326625072258,17.13389407485628
2000-10-16,11.451030190736262,-3.955156906515413,-5.691562025675704,17.260867905232686
2000-10-17,11.809301819455035,-3.1220378134553197,-6.556468937770313,15.763703046778119
2000-10-18,10.028685081157892,-3.421690013620734,-6.272487989641027,15.536755139543926
2000-10-19,8.405602067401121,-2.9427516217313765,-6.7704488191863375,13.667981594015654
2000-10-20,7.162225044771029,-3.388190502141223,-7.76735364217947,14.170944017405596
2000-10-21,8.343951850765402,-2.983336954143057,-6.696203335499263,15.028193346962784
2000-10-22,7.85191998683586,-1.8853711103538577,-6.182430456163158,16.043460134209468
2000-10-23,8.459070188368036,-1.4821206778818274,-7.854235132693446,15.575974199312782
2000-10-24,9.353400397479119,-1.3730862215660684,-7.09847843987661,16.832591393961884
2000-10-25,11.286568407016222,-3.704309372140729,-7.211857026835735,18.10070723476908
2000-10-26,10.795839337831714,-4.551191717400823,-8.115355194673882,19.770940358129156
2000-10-27,10.39890168514958,-5.294959188388367,-8.54886487934772,20.45017227965097
2000-10-28,10.31911274049727,-5.369956482756896,-9.57098220759136,18.689053237305668
2000-10-29,9.67660949812722,-5.662106187316146,-8.260090286708284,19.3039494687485
2000-10-30,10.170014098763325,-5.77151327206213,-9.07990213603993,20.37537347301593
2000-10-31,10.623913499030321,-5.622167298393202,-9.780775492667203,20.05299081544677
2000-11-01,10.333928371856164,-5.317271807651925,-11.151402275580903,21.470632615186933
2000-11-02,11.66878188969105,-7.214977508622863,-11.288627442504279,20.56144297653538
2000-11-03,12.76609702445413,-7.5251563545739675,-10.864651200809044,20.912917354373533
2000-11-04,12.676742669663236,-8.365224248913941,-8.638709756695732,21.42053214720339
2000-11-05,12.219515575587062,-8.48312888048351,-8.209912541575301,23.52305107187845
2000-11-06,10.84743545301373,-8.657481271227944,-8.643745706818844,22.9644872560526
2000-11-07,12.791974857768444,-9.453939441410999,-8.593979378286795,22.316146429511154
2000-11-08,10.846815142049014,-10.736779066566257,-6.783148881041914,22.261792256280188
2000-11-09,10.791203243773074,-12.079839760277581,-6.635765999546472,22.76589630101557
2000-11-10,9.230662524141799,-11.22796528246467,-8.14163095115434,22.076787134867295
2000-11-11,10.594892783981997,-10.707764256132032,-7.548612192416787,20.72522166006997
2000-11-12,10.574376170509193,-9.545687413685513,-6.874393750076684,20.17216405519231
2000-11-13,10.794831182849645,-9.700691433495594,-7.543775708466885,19.59437760615052
2000-11-14,11.052155540167483,-10.845951393055309,-7.4356968553423775,20.826386515722
2000-11-15,10.41941541407906,-11.414210163119362,-7.5348597328397355,22.492764847683862
2000-11-16,12.010028090270778,-11.183889885907872,-4.795467456335054,22.621372515606474
2000-11-17,11.777656785747336,-9.650264345657156,-4.9938632324232985,22.690430583523405
2000-11-18,11.447207777807822,-9.932307387178746,-5.832548687324751,21.92808732381318
2000-11-19,12.15725122259788,-9.389033087870018,-5.6002562092650905,21.87376946492594
2000-11-20,13.936776505430437,-9.253268654963122,-6.463485828670375,23.015594024015176
2000-11-21,14.946516666099136,-8.998082952885866,-6.7721788585552405,22.850443263394613
2000-11-22,15.611966114792697,-9.540527434782954,-5.977272977931279,22.89185817172256
2000-11-23,16.727036409886203,-9.64717638694417,-6.624985368340466,20.466213222807674
2000-11-24,17.605269384112347,-10.057338951195023,-4.703780399818822,20.0206304967551
2000-11-25,15.701965939773965,-9.553509892106353,-5.7311577099311455,20.41962342803473
2000-11-26,15.048518589229792,-10.117129439103673,-5.972037393998256,20.406335110652744
2000-11-27,15.17183548059551,-10.44741647905975,-7.154814724717419,18.845627818580976
2000-11-28,16.003021660909265,-12.59957583083529,-6.828021686114302,19.663524459366073
2000-11-29,15.647785643841232,-12.766034333335373,-7.480545236108677,18.81508893471892
2000-11-30,16.36582459720069,-13.50544722540272,-7.992198700314098,19.963059847192756
2000-12-01,16.187237937148574,-12.37905681669825,-6.211270538166485,20.82386360441293
2000-12-02,16.514258919178385,-13.841930609466935,-4.508312249621668,21.569749844677162
2000-12-03,14.687338163578485,-13.383160420354898,-3.9622084948868186,21.986571887780382
2000-12-04,15.880014778237868,-13.15840130475501,-3.919239590888596,21.59249508015436
2000-12-05,14.118412225376801,-12.63016580348792,-5.143853950191725,22.659313976085272
2000-12-06,13.809776365478484,-11.87074569044453,-5.338534141104282,23.134215539452715
2000-12-07,15.693695704561057,-12.26905721807608,-6.238731759051276,23.62933015947072
2000-12-08,17.431737698851478,-12.163261858154083,-6.068366560313143,23.17971264157386
2000-12-09,16.654784571651543,-12.310845108141553,-5.628463404860731,24.232049799653467
2000-12-10,17.134723381671062,-12.367714555212826,-6.2363483052014805,24.045668837109023
2000-12-11,18.785126062419938,-13.976872869092386,-5.3644153915086505,24.551178676758553
2000-12-12,18.513627248652924,-14.831781490463325,-4.664705124406351,25.48009269449824
2000-12-13,20.41128995115835,-13.947557297868173,-3.882641129865831,25.759560174500738
2000-12-14,19.06996303810081,-12.78400959278228,-3.6118345687177884,25.62849655688023
2000-12-15,19.377338285506003,-12.976245451275005,-2.323415940732583,26.105065240002958
2000-12-16,19.80959849920183,-14.116154957330771,-2.2908552338967554,25.410490061630625
2000-12-17,20.326117037570377,-13.088627267442899,-0.4691074489081726,26.464640067628387
2000-12-18,19.6944045444861,-12.295429559671565,-0.13728570169874282,28.174293123022974
2000-12-19,21.063759604066348,-10.505965502207856,0.011272603377691287,30.560852298966847
2000-12-20,21.92841386471762,-11.299557042920158,-2.0436532977975146,30.241573391791814
2000-12-21,22.27338352134443,-11.582339846431054,-3.8089952685611044,31.25555809083588
2000-12-22,22.207018576879687,-11.722279048096896,-2.236792501208334,32.02281985295022
2000-12-23,23.889591627916616,-12.549583986721558,-1.1873570196677643,31.13699384054729
2000-12-24,25.921534783781272,-11.62446025095646,0.2395876719220329,31.03615878439102
2000-12-25,26.715894103477552,-12.066282613537807,1.1581460956039278,30.258333673236987
2000-12-26,27.089755505917676,-8.655201937994054,2.773352372665591,30.01246719744299
2000-12-27,27.181909014535183,-9.09708466368781,2.6024944851540437,31.88481210375886
2000-12-28,26.213109943887808,-7.608946228557199,3.65906278836479,31.698871537089666
2000-12-29,24.889175529654032,-6.777908123995717,4.976699369236288,33.513929313947266
2000-12-30,25.609488242041277,-6.941095791201491,6.070728802725231,32.933899374804014
2000-12-31,26.884140573665956,-3.593604987334542,7.329786870775699,32.4273863100711
2001-01-01,26.549957576790675,-4.404965487408457,6.408660416677038,32.01486794398719
2001-01-02,25.383582067488874,-3.2850076716663277,6.465111422246475,32.01824290969967
2001-01-03,24.712271764185775,-2.494900591427584,7.79784886529756,33.728220203609396
2001-01-04,24.15284099192252,-2.794980083845861,6.871054410646945,33.35353581670497
2001-01-05,24.997761480480516,-1.8240713104019806,6.292215589009436,33.172590877031396
2001-01-06,25.38577521983859,-0.88974485113221,6.707227097560352,34.04509317421815
2001-01-07,28.102756389803478,-0.7813472432991923,7.666674179556759,35.67099380109963
2001-01-08,28.21330899287236,-2.124031096449481,7.393748603213269,35.22709965628325
2001-01-09,29.85537073990733,-2.64379855706317,5.4279276346746475,35.08526253452069
2001-01-10,30.41454334686098,-2.046960952994504,6.085093079646096,35.24452417602558
2001-01-11,29.959155906166252,-2.268463595141728,5.333781770972898,34.958365671584964
2001-01-12,30.474972243704414,-2.4252972632516534,3.6673208710189362,35.34100040295181
2001-01-13,29.84250492567425,-3.6150039507203258,3.3540882655289725,34.09068145498753
2001-01-14,30.41125458133894,-2.965553128589645,2.381751764211902,33.38012234159687
2001-01-15,29.950644190416586,-3.3584071995797222,3.091201318939109,33.85266343299076
2001-01-16,30.68355737078453,-3.2417254759986758,3.9501129395586774,34.14361019453316
2001-01-17,30.15625902389598,-2.4591402163794918,3.702516251199466,34.63129347380013
2001-01-18,28.597671569733897,-3.174871443400225,3.4671864441104816,33.10196623005418
2001-01-19,29.1253543166659,-4.532375071221837,2.0962947567112433,32.917497969281456
2001-01-20,27.65503849272212,-3.315563299548464,1.5037391057994722,32.24046282894937
2001-01-21,29.36850756204916,-3.7286685684589393,1.704560780376421,32.448162301939895
2001-01-22,29.849301212313947,-3.4928157816137557,1.7638897411661032,33.34297471994066
2001-01-23,31.14571002343173,-3.454125959294231,1.9161709271365281,34.32218108233224
2001-01-24,31.092781250819115,-2.917370034488352,2.0437277029662035,35.11715237969522
2001-01-25,30.733836269247508,-2.7916615157443854,1.1356719719014978,33.44065788487009
2001-01-26,30.1538994189461,-3.500091455139071,-0.9496420522616531,34.19159628780776
2001-01-27,31.367127306297544,-3.420321634243213,1.0728100014681017,35.326472209656615
2001-01-28,31.981825851336893,-2.4033958042331482,-0.04492753612903888,33.20505278223795
2001-01-29,30.248621093589087,-2.37186413291273,1.1400742419103385,33.585386416380366
2001-01-30,30.424425071887878,-2.152376523172806,2.040880364720612,33.45610839041175
2001-01-31,30.77989903039705,-2.329786841220288,2.2215150764930964,33.54356051920324
2001-02-01,30.07555059989534,-3.7506151525870948,0.9462806258428549,32.01350358324226
2001-02-02,28.785838721353365,-3.9371361214613465,-0.4859190178865842,32.28546576323083
2001-02-03,28.413401664249758,-3.7433284581427495,-1.3626744344086212,31.343591491683284
2001-02-04,30.223082599086123,-1.8971997314402376,0.040331788476264174,31.80680797965972
2001-02-05,29.261488851200582,-3.0048038386023617,-0.37064435154140407,32.362226735928395
2001-02-06,29.554155846655934,-2.5819284822171378,-0.8243872478026414,31.890735377997988
2001-02-07,30.373870126743306,-2.3873345403192716,-1.5792080313408319,33.827286075786006
2001-02-08,31.17078195939299,-2.6574594453754954,-1.5989903611814633,33.30714602844634
2001-02-09,30.538636826062348,-3.1840133103861374,-1.2110583891543447,31.034711246562477
2001-02-10,29.41165246365876,-4.628642941691106,-3.0755314770444393,31.01246900645327
2001-02-11,30.677020934829773,-5.093509682833341,-2.3415585134498036,29.930728481562653
2001-02-12,30.695754414771375,-4.479641263596183,-3.86825224295952,31.992963858354617
2001-02-13,31.7989548492691,-4.251019074629334,-4.099149879328739,32.69185464647801
2001-02-14,31.939545451112515,-4.900292442699927,-3.4359537642599394,32.06998130387526
2001-02-15,32.05551858936009,-5.21221301277121,-4.564631520092824,32.371851447344824
2001-02-16,33.340358954043424,-6.416866397225837,-5.483208014365524,31.224039605701712
2001-02-17,33.426416813738186,-7.3237482591602285,-6.168582429727748,31.99235401400862
2001-02-18,32.53083888187812,-9.077139654214756,-5.478927003366942,30.554270993301536
2001-02-19,32.17886768978199,-9.750923635870523,-6.570590597295858,31.522227279447964
2001-02-20,32.56096450048407,-9.21850672953544,-6.908707759082723,30.91536524400388
2001-02-21,31.97872579529341,-8.06602509443295,-9.090966426260607,30.10252218583261
2001-02-22,31.553151193535264,-8.658691523769518,-9.653550585890322,28.856911729790802
2001-02-23,31.879743007027713,-8.655167902714025,-8.302472033178015,27.975854253348725
2001-02-24,32.58114450437579,-9.558542499214635,-7.932867821768696,27.880252316949054
2001-02-25,32.4803729026505,-9.358071442026153,-7.523203661324479,28.32442692957688
2001-02-26,34.49553972392613,-8.799665722496574,-7.78628355230308,27.400169865503763
2001-02-27,33.45455502259625,-9.02941307537517,-7.645542017633346,27.20049895895008
2001-02-28,33.94114218642553,-10.861564419580365,-7.082569019878479,27.728945478226976
2001-03-01,33.68441715746058,-13.728376284001559,-9.855131932247032,27.322113686472125
2001-03-02,33.53748885813376,-13.166783334024746,-10.598794299363066,28.51030973314515
2001-03-03,33.765012011902144,-13.603887222706568,-10.243509137906326,26.5692082804711
2001-03-04,31.37247156339822,-13.697970565408477,-10.403536806453737,26.979888221962646
2001-03-05,31.750362645762124,-12.464084795403139,-8.988738321829421,26.36375073142272
2001-03-06,32.40484533316896,-11.683226023633265,-8.688518718896798,27.29473663185588
2001-03-07,33.18941283301442,-12.175128615033127,-9.621401082056172,29.23435351471703
2001-03-08,32.884265797653185,-12.352947179359438,-8.800043180783762,27.849300968984107
2001-03-09,33.958357289567466,-13.327673368717562,-10.662671746624508,26.438786397859623
2001-03-10,34.9822099228729,-13.428160143176404,-10.188786182507084,27.703815984550246
2001-03-11,36.42180887619886,-13.092388305502821,-8.963768373130815,29.482013591714175
2001-03-12,37.824835450576415,-14.391761637189248,-10.455434023703031,28.870402000359313
2001-03-13,36.90111291770746,-15.868331853699376,-10.395919177079076,27.36394685768841
2001-03-14,37.41790463035393,-15.678559687700416,-11.41538061289112,25.266604808575067
2001-03-15,39.26551108304435,-15.831992341470317,-11.156904449553391,24.306352275988722
2001-03-16,37.50387447552035,-15.512449193345068,-11.96297072086466,25.38428658447726
2001-03-17,37.69680690531592,-15.402118587371257,-11.551740827032532,24.774314563302255
2001-03-18,38.7171535935069,-14.97870687569467,-12.171678805724587,25.432503151050398
2001-03-19,38.906583672362274,-14.256599161462827,-12.429244375219032,24.659980869934365
2001-03-20,37.91640717244979,-14.967162743690125,-10.556678519260366,24.876588500655735
2001-03-21,38.328532821094534,-13.43444465805762,-9.612239365766834,23.960243575126114
2001-03-22,37.30202184383804,-13.469281645719567,-7.504046553658423,21.73294425493497
2001-03-23,37.25020553591531,-14.086174123762564,-7.385303960447992,21.595976396748473
2001-03-24,36.22014699048497,-13.934233359207274,-7.069545762083593,21.376485975419794
2001-03-25,36.400364654940184,-14.178146924809882,-7.220364302193716,21.978601304736078
2001-03-26,35.96816385263135,-14.266588517603886,-6.728287804024678,21.294732675311216
2001-03-27,37.88088411620961,-13.852212194332283,-7.2869833402383435,21.975915365664832
2001-03-28,38.34952617998299,-13.522153389301417,-6.871125544605599,23.377446559108158
2001-03-29,38.93896685006944,-12.770754509236074,-7.393203225965964,24.167491634971924
2001-03-30,39.89069407188104,-13.03138846238321,-7.43041432198429,22.126279350823573
2001-03-31,38.51240341296959,-12.352502011052712,-7.0436280921669825,22.279443263464255
2001-04-01,38.81622890306529,-12.06913436616632,-5.388883835637881,23.59511034527571
2001-04-02,38.623693605411304,-13.341789728244828,-5.203089559176495,25.21722742891543
2001-04-03,37.94904140673087,-13.425201140568982,-4.797830837294313,24.06388941922527
2001-04-04,36.92007338216792,-14.164413786334302,-6.138462641956918,24.219283616650177
2001-04-05,36.820385933100724,-12.906965592750291,-7.3869413791146785,24.920063482679435
2001-04-06,37.36182208323794,-13.686633520848975,-7.493362221986992,26.64371047230894
2001-04-07,36.62142325399575,-13.463926720453738,-6.512350294215439,29.071648584854636
2001-04-08,38.195311730499284,-12.597004011819145,-6.5512092525428525,29.260431687170485
2001-04-09,36.26048141198046,-12.726111363223572,-6.6336945310984,30.093207732013852
2001-04-10,37.819679804314156,-13.02577172510722,-8.932340849537734,30.943578475500086
2001-04-11,38.05376073060725,-13.897580027582142,-10.935113287089315,30.650356205272647
2001-04-12,38.42251713977913,-14.435424077722011,-10.60996547757363,30.002475992589666
2001-04-13,37.228648966550644,-13.948193571481985,-10.847272755703253,30.124744589907703
2001-04-14,37.345999448202306,-12.860454663680244,-9.001437838403005,29.542569879875426
2001-04-15,36.720989418257446,-10.845399082023741,-7.793810063912725,28.895043682988295
2001-04-16,36.520808983494206,-11.18974311744305,-6.927015925492015,27.33051237005024
2001-04-17,36.98120580316414,-10.38413462650014,-5.302528784005819,25.51946754673843
2001-04-18,35.60395609291808,-9.841330907209855,-3.6010699711377394,24.362547099956473
2001-04-19,36.878240144131446,-9.33259044373626,-3.7114932391840356,26.59964428347846
2001-04-20,38.05523125587146,-9.30960704343735,-3.417937732516488,27.168813192770422
2001-04-21,36.53658500914479,-9.988285222103777,-2.67664630025058,28.830462103660803
2001-04-22,35.74006570655617,-10.59230914478554,-3.8878036144744903,28.028126504152915
2001-04-23,36.32016859265675,-10.140118953420444,-5.473405034047235,27.20531850666582
2001-04-24,38.071881300903456,-10.16214015380665,-6.0824221361385185,27.201336968409088
2001-04-25,38.198393316012066,-10.553564683697248,-5.612010103732338,28.62057426682271
2001-04-26,37.85524058771832,-11.764126906508256,-6.439506719985623,26.676175115113182
2001-04-27,37.82104801262112,-10.860086655180513,-5.914427347112476,26.698924715651607
2001-04-28,38.28546754211077,-12.344711856360117,-4.072603436552949,27.161345501127933
2001-04-29,38.106991499951505,-10.39878322308627,-5.1306438357692326,28.11577024601062
2001-04-30,38.60954286312575,-12.071957756311225,-4.626221204286438,28.445336855441266
2001-05-01,37.60227681957984,-12.010788143919628,-3.188339665982641,28.856032280937697
2001-05-02,36.10025680285209,-10.878368429945011,-3.9031091895123495,28.687549036235033
2001-05-03,36.370215330885586,-10.371507921356683,-7.1533284206786805,29.617755768980057
2001-05-04,35.81994877204232,-12.060927488661997,-7.523341776236608,29.053190232254327
2001-05-05,35.86382557298118,-12.692170926361209,-9.54386485184641,27.64429576479748
2001-05-06,37.09687619051685,-11.958647256002953,-8.467124941158266,27.484618357460278
2001-05-07,38.10111895021143,-10.70776970299616,-9.392009590368833,28.1738752385964
2001-05-08,39.10039656692119,-10.412201320802984,-8.771295941519451,28.665398219666596
2001-05-09,38.89590917517861,-11.598519103656107,-10.16422518734581,28.831913189732553
2001-05-10,40.52603946967936,-12.089114472144315,-11.245680950593293,29.11227287407055
2001-05-11,40.644656017719306,-11.980062239191524,-11.989516944789225,29.691829970800438
2001-05-12,39.350474889062625,-12.744310296649878,-11.569088437472876,30.649149549143658
2001-05-13,39.93374110424603,-12.887656649673039,-11.938236161059574,30.086407671942833
2001-05-14,39.18814226086609,-12.954492777235348,-13.24670125886856,30.790203741935763
2001-05-15,38.04378899878191,-13.138415392580574,-13.71190765952718,32.29800381868338
2001-05-16,37.22359610053193,-13.759907662877753,-14.342784568231647,30.35097538961955
2001-05-17,39.37435959982924,-15.022155777006827,-14.271366913023,30.67822480016422
2001-05-18,39.26162267004659,-14.924978413647535,-14.653325332895475,31.266666229698917
2001-05-19,37.733790534487035,-13.383601324646618,-16.009612448537773,30.7251367767182
2001-05-20,38.88190561808898,-13.177384194098757,-16.48682010587813,30.07042656220088
2001-05-21,38.607941686010236,-12.59633100076039,-17.948738380618078,32.03196029788055
2001-05-22,38.35668089593248,-12.439279683976338,-18.005361629653507,32.39565427116603
2001-05-23,38.173622170324656,-13.196857841129225,-19.308346757898985,31.98965788964527
2001-05-24,37.61218564660931,-12.833590224725011,-19.787940270495707,32.240156750480025
2001-05-25,38.01400752688376,-11.327824734915575,-20.471301120594525,32.89495209549883
2001-05-26,40.393071439423046,-12.18456137109696,-19.203215025311334,33.922372003482145
2001-05-27,38.999987587002984,-10.602748437158395,-18.7275827611223,32.89115037143034
2001-05-28,38.69509128340788,-10.925235198635818,-18.441502596049013,34.57787914683634
2001-05-29,39.81369083068203,-12.002498930730562,-18.09017314126009,35.81840609581171
2001-05-30,40.09179567385514,-10.863467480980292,-18.345073790389808,35.40205853697062
2001-05-31,39.74493945691702,-10.552886784378938,-17.249295561933067,35.65070274492264
2001-06-01,37.29253473894156,-9.08774952082205,-17.479133346156008,37.60298054032817
2001-06-02,35.87532782376073,-8.1308521628499,-18.51909220063346,37.93966991989916
2001-06-03,38.72455594664651,-7.093063041024604,-18.324365013878708,39.42498078372624
2001-06-04,38.24997421848335,-5.673401805794532,-17.923042221360678,41.027132239649205
2001-06-05,40.588241040916245,-4.545788038821612,-18.812257239937157,41.261499457987284
2001-06-06,43.2706133703235,-3.666174832205965,-18.769576593169983,41.91946780574931
2001-06-07,42.75625350247313,-3.181817896638051,-18.74129449173804,41.423528017383006
2001-06-08,42.59837605345415,-1.6644528153506886,-19.0625259691919,41.73021077224073
2001-06-09,43.19955507664717,-1.9794650745845466,-19.947255563070595,40.61731024255021
2001-06-10,44.28159865242001,-3.335117946652079,-19.273461426948995,40.619793943433045
2001-06-11,43.25342183912157,-1.8976301317443962,-19.573340519347614,41.1772394584712
2001-06-12,42.290085357023614,-1.4788642589207632,-19.509995193359522,42.24161855347003
2001-06-13,43.70409756475664,-2.036882960047345,-19.624038129614448,41.61346820345329
2001-06-14,43.45292342521415,-1.9935158272640523,-20.416699392192214,41.84295508735648
2001-06-15,44.46593381516742,-2.10946941842694,-20.8922813422969,41.444571732170274
2001-06-16,44.57877433617584,-4.349785762301436,-20.552033451513314,41.35890880497519
2001-06-17,46.34448029314502,-3.717999576447832,-20.98452697278457,39.9677761404578
2001-06-18,46.75995158436115,-4.906758232592019,-20.960371059350045,38.384623483461645
2001-06-19,45.995770224424604,-5.270303958570093,-20.057249018351918,37.992908001816616
2001-06-20,44.94620802846272,-5.610841856006757,-19.51893955795094,38.02972759044473
2001-06-21,45.138548444165686,-6.592117562281456,-20.83009590966111,35.56365130199669
2001-06-22,46.75880777369164,-6.480589934516242,-21.528644132293206,34.937923142912574
2001-06-23,48.361348282576955,-5.57380559321022,-22.002703915208745,35.26575364142304
2001-06-24,49.06154952880765,-5.392383621966321,-22.893547277558515,34.8078922896512
2001-06-25,50.127667227390695,-5.6134455825153715,-22.453182649984313,35.45393065876846
2001-06-26,50.35957460850271,-4.670317338395267,-23.70069467100463,34.9134666035172
2001-06-27,49.5261642276064,-4.193532483583207,-23.662714595090566,34.121311389023795
2001-06-28,51.420113449300345,-5.7808011084706585,-22.643621165059134,33.06009400764702
2001-06-29,51.4277763362829,-5.810198688106945,-22.471702398596214,33.62112064259787
2001-06-30,52.59220346500847,-5.904596926838101,-22.61820776193356,32.744824694807726
2001-07-01,52.04928856772168,-6.692544740396384,-22.311869123719365,33.52382764063049
2001-07-02,53.238274953666604,-5.820756376773543,-23.235519351193826,33.580213419136285
2001-07-03,53.50045432649407,-5.855221568039731,-24.494825369440452,34.369820455236244
2001-07-04,53.147927390777255,-8.35877909672769,-23.727942709116324,34.63195595303964
2001-07-05,53.03638316175169,-7.517834359784047,-22.059431405871962,35.29974250274931
2001-07-06,53.927252121705585,-8.487087921471927,-22.104045148907254,35.46040688011596
2001-07-07,53.780399946283154,-7.077275712710682,-21.778078998075962,35.14243509551127
2001-07-08,53.69556152159959,-7.737807607973855,-22.269482607165376,35.02552050319186
2001-07-09,53.66262204393095,-8.269841615524628,-22.63255979989615,34.703449251324514
2001-07-10,54.14778258656556,-8.4652127337496,-21.209174677612765,35.43743534095599
2001-07-11,54.99274227969005,-7.27081351040938,-20.79966380808254,36.692312106193945
2001-07-12,54.06899802526519,-6.487617575651819,-20.300836874234925,36.89298189251736
2001-07-13,53.76187719080533,-5.330833515742208,-21.11018000829824,37.19108360751635
2001-07-14,53.449362387137185,-3.501279903338247,-19.038663269369938,35.72865291114252
2001-07-15,54.27317197645752,-3.9095051482405405,-18.53001483712603,34.861344028741726
2001-07-16,54.177914027847926,-5.5268937892262535,-18.646911759093165,35.5115198639166
2001-07-17,54.94254390984916,-7.112604292348106,-16.864814513757793,35.85722153309397
2001-07-18,55.39628817800621,-6.297651808127729,-15.604468361139128,35.77445095164081
2001-07-19,55.843357253883894,-5.094422390718001,-17.45816553171956,36.76535515985716
2001-07-20,55.740285024657325,-4.450981500030838,-18.16150859969205,36.35760854569791
2001-07-21,55.759613517798144,-4.842182407170496,-18.050256677120263,36.23727960011167
2001-07-22,55.204093235584416,-5.4440160577577466,-17.979943733638795,34.02676166288769
2001-07-23,54.88578814468911,-4.554930587776281,-17.970035513961157,32.45198486529704
2001-07-24,54.899983382326546,-5.110424157411729,-19.44113211853296,33.36894983744436
2001-07-25,54.69553661436163,-6.447952039515403,-19.91317299355344,32.30034776293508
2001-07-26,55.53118482643868,-5.705885914590527,-20.776443976510347,34.492394987059214
2001-07-27,54.921153481789105,-5.589121685233439,-19.815510511803648,33.74542194373708
2001-07-28,56.36450281034452,-5.421066810992767,-17.513596464950382,34.375399648137396
2001-07-29,56.37449709809582,-7.4993301365313885,-17.664892143405662,35.233598381520316
2001-07-30,56.57269981299277,-9.891607604339224,-17.516536310926462,33.221532487340795
2001-07-31,57.18809190117602,-9.083744380901157,-17.189957344581728,34.67378397412508
2001-08-01,56.534890069036216,-9.181045023204085,-17.67523421778614,34.71478211870622
2001-08-02,56.02653298074229,-9.110741530051273,-17.12650388162586,35.26116353170033
2001-08-03,57.898094811093245,-9.920007479312945,-17.865900985395037,36.298387239722345
2001-08-04,57.171902386698356,-9.269520025493632,-15.964930373090544,35.79660198866951
2001-08-05,56.1257016305602,-9.092227568485601,-16.465370870931437,36.89243302595314
2001-08-06,54.899143234975575,-8.219538480975968,-16.761459870366565,39.09913963366593
2001-08-07,53.576173677612296,-8.953336062589715,-14.362402834613963,38.276907599390015
2001-08-08,53.727326136429234,-9.535389432958867,-14.491296691069966,36.140976684569
2001-08-09,53.44865923976501,-10.154150996387354,-13.278377980562293,37.33987108697869
2001-08-10,53.98084422307262,-9.830349550170967,-13.787127798462427,37.31667064447368
2001-08-11,52.717610786310516,-9.423095390905749,-12.158404211119844,37.189846750920324
2001-08-12,52.594358275924904,-9.584160089177889,-13.263243031561643,37.150564419754126
2001-08-13,52.99731205766941,-9.535336663599155,-13.197069229615273,37.901260304576894
2001-08-14,51.70627253333996,-8.212511914646623,-12.013189561243076,38.06621511243745
2001-08-15,53.554922248779945,-6.995675300032376,-11.81649102877995,39.05049758583875
2001-08-16,54.212457450102,-7.6787813263156215,-12.326532495235316,37.80522532188818
2001-08-17,53.29400795150092,-8.884936016680232,-11.789996629844826,38.15811024228585
2001-08-18,52.92041933795884,-9.45816590261367,-11.148303124187374,38.604731261535065
2001-08-19,53.48392508777494,-9.183675138774742,-11.55490282226741,37.966831306742655
2001-08-20,53.04479342236277,-9.294517358715273,-10.884287235865084,38.39066416432029
2001-08-21,52.598392339590994,-8.638222501059603,-11.783958625753218,39.2859884154123
2001-08-22,52.25875781829497,-9.086128504962774,-10.563326043764084,40.004451210813315
2001-08-23,51.00585228650375,-8.043617678027791,-12.926450813437775,40.41071249236883
2001-08-24,52.95632467642736,-8.95298562814027,-11.564023733096839,40.617069821151155
2001-08-25,54.10093064099213,-8.93538362501153,-12.653498159788793,40.97002007533807
2001-08-26,55.28488786033553,-8.024283488331342,-12.76409226457831,40.88676064273979
2001-08-27,55.31125658173299,-8.068856867324369,-12.801192862824331,40.73199322829767
2001-08-28,56.00340805049517,-7.544962757336377,-12.916859264855578,41.24363986242562
2001-08-29,55.61240347558787,-6.950138375384903,-12.792212059343031,41.548107818377325
2001-08-30,55.49069150719167,-5.707185023976315,-13.034205404793228,42.08319688339954
2001-08-31,56.40368833673561,-6.028499122245755,-12.036296024750676,41.78221534666171
2001-09-01,57.06272345542009,-6.332987950365275,-12.457769674612175,40.067489212141425
2001-09-02,56.72875997622386,-7.601103966596708,-11.433268111205122,40.68551578740826
2001-09-03,56.82771987772733,-6.335695993171122,-11.119294756990579,39.56048867526062
2001-09-04,58.46574765827684,-6.546390148153602,-9.560274944775482,38.59073978614223
2001-09-05,58.15910975498085,-5.803946681340973,-9.612863971553042,37.584186945474485
2001-09-06,58.7385825407097,-5.624823570293689,-8.192840924688829,37.17092104117782
2001-09-07,59.21549340440396,-6.841034792427488,-8.601864245102277,36.515018686221616
2001-09-08,58.43423637591462,-8.050265181576043,-8.398494478484333,37.36119842907049
2001-09-09,58.504583162038735,-8.298240823747182,-7.380791633074846,37.70745705842334
2001-09-10,59.39129401483531,-8.800092919431338,-7.833804388941597,37.791641893661236
2001-09-11,60.86268771181888,-6.12250834747452,-7.420142014229186,38.17337151043927
2001-09-12,61.60854794610742,-5.798313861104449,-7.717285988366376,36.87808989313488
2001-09-13,60.814432874715926,-6.549243033316102,-6.945814819089795,36.978576869356175
2001-09-14,60.43499227152858,-5.116547486844315,-6.411179254109106,37.31676392220222
2001-09-15,61.41477044157903,-3.9543953742195757,-7.001348146913399,37.5622192767047
2001-09-16,61.75264778766649,-4.024479630229212,-6.633395709604618,37.94090236215157
2001-09-17,62.19848520434594,-3.4228112431063895,-6.42886409698277,37.24771895603372
2001-09-18,62.245482983394666,-3.2526189674926806,-6.204166300729497,37.34041219047448
2001-09-19,61.90852183934424,-4.855761766486084,-6.519981946313394,36.93260982117057
2001-09-20,60.76900598104723,-3.74253624358652,-7.715065688778462,36.84506492926817
2001-09-21,61.34636202164202,-4.407781719822127,-7.574710209862608,36.5489621395116
2001-09-22,61.28030194722354,-5.081584450816524,-8.505242508859565,35.86892508493449
2001-09-23,60.26768487943689,-5.556073462101456,-7.88385501365128,35.95873687680442
2001-09-24,60.438910748472374,-6.515614553582518,-8.455978264848175,33.770383675914104
2001-09-25,59.92366432449899,-7.760376907832093,-8.093956235969017,36.20988099005542
2001-09-26,60.239812811278284,-9.627830465868296,-8.202866735622294,35.532405215439205
2001-09-27,60.42836973336136,-11.92514195047479,-9.086427334987324,36.88876458244385
2001-09-28,61.73740496625457,-12.084052637742513,-7.4403583873079935,37.28142722719028
2001-09-29,62.0350169461551,-12.759771330145519,-5.765904911966211,37.05898472257397
2001-09-30,61.68292215263915,-11.771922019455246,-5.250880098499313,36.17796704191405
2001-10-01,62.51184783487566,-11.138648075925316,-5.619607199034955,37.06574337864659
2001-10-02,62.035769795768246,-11.16190537230307,-4.981215902660968,35.7911343050567
2001-10-03,62.15879451450745,-10.677375225153098,-4.769251407311448,34.07728778659659
2001-10-04,62.5693312072571,-10.004887245091185,-4.611159032491957,34.44240463280977
2001-10-05,62.35594371490049,-10.473536385626215,-5.069364905892839,34.73708223262504
2001-10-06,62.10289268808674,-10.753298677443757,-7.577224517351262,34.56408115595245
2001-10-07,62.65086585988991,-11.71438691985875,-8.079181117586955,34.904046713988244
2001-10-08,62.01408189136316,-12.105013708590347,-7.970521036233077,34.70710233818567
2001-10-09,62.6315267147335,-12.852112593106682,-8.639090118726005,33.781777949919594
2001-10-10,61.77476488169481,-12.310214538738139,-7.603377103173666,33.606474814208646
2001-10-11,62.64814031940961,-10.325237595465397,-6.869897284750138,33.75913919003633
2001-10-12,65.63777477016775,-9.07044617141849,-5.876994912351849,32.4264245998579
2001-10-13,66.81116790060825,-10.084470474118163,-6.398411776559934,34.24124688260568
2001-10-14,66.33323940165431,-11.347533831057369,-5.948179996148898,34.088955123267844
2001-10-15,66.34828709417462,-10.427745965751063,-6.155035097683223,32.056083265032875
2001-10-16,67.09590257404156,-11.685354448467006,-8.410853383496523,32.769089469174226
2001-10-17,67.08451620230252,-12.159712963565324,-10.555756470829817,33.05957609808068
2001-10-18,67.13171654886065,-12.104704017831024,-10.37961342809469,34.22814157801356
2001-10-19,66.80335942659893,-12.349448046038326,-10.572713649665774,33.56496857661298
2001-10-20,66.78082077233708,-11.264571743841255,-11.358740523035841,32.42829514456765
2001-10-21,66.63294360402055,-11.908497331171795,-12.122887552978817,33.76586229806121
2001-10-22,65.82923366781921,-12.023948903644749,-10.52038984102348,33.266926185616995
2001-10-23,68.07091618851561,-13.037229421766494,-8.748335617121814,33.357060274754986
2001-10-24,68.35853809303558,-11.842544971218729,-8.556727053733194,34.62781584884374
2001-10-25,68.64394174031328,-14.640011311330264,-9.005120399569654,35.10804842306149
2001-10-26,68.27196482296482,-15.428773667671699,-9.505058572896083,34.06812626852264
2001-10-27,68.67675210066976,-15.623188453110934,-9.151373156216874,34.680581169234
2001-10-28,67.77588936401158,-13.431752382730151,-9.165332510144085,32.898117150527916
2001-10-29,69.07558974995774,-12.26673585004438,-8.552446067736934,33.584419807736246
2001-10-30,67.88976116067964,-13.344786008689729,-8.50989214192219,34.991135975380224
2001-10-31,68.31882674064136,-12.828379049998631,-8.690606836845545,35.840009920646104
2001-11-01,67.16671004565548,-12.660209221382393,-8.114074666273936,35.29522481300586
2001-11-02,70.26808728155927,-13.02571596726462,-6.3390869804962,36.338466448012866
2001-11-03,71.11248747355786,-13.461126164561838,-6.884556750163612,36.66647195309062
2001-11-04,69.50468001875124,-13.513155157607926,-5.977848863184455,37.343292745487496
2001-11-05,69.39138992253969,-12.17960883905001,-6.483679126308761,38.24716842205298
2001-11-06,68.99624337567334,-12.082778231634494,-7.285601168980401,38.6604442908238
2001-11-07,69.98434952697197,-11.41429140437287,-8.437634479081227,38.59202137374665
2001-11-08,71.31181631055263,-12.130004320365106,-10.108050705680316,37.79458143439975
2001-11-09,70.72430814296875,-12.3743133276575,-9.506908798825421,38.631243665140296
2001-11-10,71.49195512751406,-13.820519130430476,-8.915468644645102,39.88635654347982
2001-11-11,72.17441342979728,-14.041063504647607,-9.488950019409947,39.81071903408841
2001-11-12,71.82447160406937,-13.779259214706816,-7.643763183517942,39.65068096166953
2001-11-13,70.75157916918353,-13.797446575467974,-6.801375104905819,39.904744039661345
2001-11-14,68.85167384321076,-13.74338685317381,-5.2537951790749275,39.616011852985295
2001-11-15,67.87634019487533,-14.099607719165595,-6.146806371310534,40.212065330896934
2001-11-16,66.51889373230442,-16.058867831681997,-6.299901941303993,41.06814092379337
2001-11-17,66.94908365808047,-14.72674083574765,-6.147366816620603,42.39640059852031
2001-11-18,66.01018429781006,-13.313814926169055,-5.130968420222501,42.38222833360287
2001-11-19,64.28119018386386,-14.676974465047227,-5.10856434981455,40.33939301165602
2001-11-20,64.18520029766572,-16.237637310741764,-5.101588171848571,40.37413463543646
2001-11-21,64.73097411818831,-16.0744570329869,-5.517683949110474,39.5922477727906
2001-11-22,64.3319759734137,-14.139327123187364,-6.4163065237497,38.984099438216866
2001-11-23,65.91332773067357,-14.9411540055893,-7.95629453307492,38.99907206820489
2001-11-24,64.73983386133773,-15.337527555384035,-7.004116181505501,39.61513997806017
2001-11-25,63.40166539607129,-15.93614790584684,-7.820627731701416,40.01890102740237
2001-11-26,62.821888337289465,-14.732720823869307,-7.823654969491733,40.62809360507917
2001-11-27,63.39545190756413,-15.672051871619209,-8.778493295264653,38.927505968756975
2001-11-28,62.7276243750252,-17.142893422575735,-8.684527420046535,38.02321066396095
2001-11-29,62.51299155065902,-17.35807059650735,-9.726093407781335,36.784698268924856
2001-11-30,61.266720533795265,-18.41086801100977,-12.743783437234974,36.248954471487174
2001-12-01,60.38009346960804,-16.900838529728187,-13.21960761693624,37.09209421968719
2001-12-02,61.53144119662114,-17.528998394518048,-13.24945352782297,36.042606076539165
2001-12-03,62.23970592923189,-17.91390546416278,-12.737626716291315,35.897260672806084
2001-12-04,61.92240466700189,-16.659064536797203,-11.962133927033339,36.16964262131883
2001-12-05,61.79687729997253,-15.495506171621939,-12.88428207124459,38.0410379088267
2001-12-06,61.4008147438767,-16.428733444810586,-13.694689220244769,37.320733076606686
2001-12-07,62.854637234142196,-17.06752146041346,-12.674080661029821,35.651655906106846
2001-12-08,65.19954651616027,-17.919004300087536,-11.692709806813188,33.81071544834049
2001-12-09,66.03148016119876,-18.052273719943557,-11.858522408899606,33.88408126349211
2001-12-10,68.08438531471644,-17.09358577963013,-11.967217278378087,35.57613121827358
2001-12-11,67.44828027221972,-14.909333117917507,-10.610550949055504,34.75894514820167
2001-12-12,69.2310787810778,-15.441843902217698,-11.831798543591775,34.473739176948655
2001-12-13,67.46730087845204,-13.97628078527814,-11.425920844646848,33.72576151968056
2001-12-14,66.26522182167872,-13.665102416336795,-10.238326954064695,35.41067870526346
2001-12-15,66.22057420084408,-12.852665741342664,-10.646307714608616,34.09520821418863
2001-12-16,66.81171624106811,-13.731890747829569,-12.016447901175933,34.684202061861
2001-12-17,68.99136854282408,-14.730999293659455,-12.61502586244692,33.613630206152145
2001-12-18,68.91623619863357,-15.58856325640561,-12.897485222945141,33.81003043427957
2001-12-19,68.49504717003401,-16.869487518016072,-14.2641783301438,33.29507403179732
2001-12-20,68.35302947355324,-16.23381573837302,-13.475449778933099,32.92740604274564
2001-12-21,68.31896792731656,-16.564305699203842,-12.977356857216037,32.928185469632226
2001-12-22,68.05396778379463,-16.384731098252136,-14.978614721851013,32.313159981639934
2001-12-23,67.25698394674224,-15.186718655324874,-13.751831909703354,33.29984092639634
2001-12-24,68.03642509816923,-16.028014165109205,-14.20672654989509,34.042151275896
2001-12-25,67.51427897714485,-15.481848259415342,-14.03022707244222,33.997666727464235
2001-12-26,66.41593683524403,-17.409128127354602,-13.57556359811636,33.756113978893445
2001-12-27,67.4997150029869,-19.46875941046161,-11.626016667624484,32.47715358533496
2001-12-28,68.15813275814354,-17.079814996837396,-11.394762929008435,32.25329186393534
2001-12-29,67.58700201607205,-18.726763713026063,-10.89996127483468,34.223079438348734
2001-12-30,67.3323300719464,-18.695994463647224,-11.665980917023806,34.88472741832686
2001-12-31,66.42520526165764,-19.995758003377077,-13.78815289962249,36.183520182844234
2002-01-01,67.51745532757978,-19.014683546179,-15.000273912205182,35.338437249491825
2002-01-02,66.08538396177607,-19.79119537398009,-14.868706551221848,36.029644337624006
2002-01-03,67.31547577395821,-20.510184885959212,-12.588989322250521,35.614441975906
2002-01-04,66.46497293585684,-20.95981441360945,-13.187034251269106,38.22093592256722
2002-01-05,65.84283816136487,-21.37162668647634,-12.810354636771478,37.352207304463406
2002-01-06,63.49505041871687,-21.011511116134315,-12.609388677662372,36.83043815878997
2002-01-07,65.25525735739599,-21.004747232291198,-12.1566198817794,37.616342210153796
2002-01-08,66.80608175719281,-19.29845360730685,-13.217515734939106,37.72726076821254
2002-01-09,67.3940765107294,-19.269471278082644,-13.898063730700082,37.107046243067316
2002-01-10,67.75965428439243,-20.123582688188417,-13.232741293280537,37.05213622074869
2002-01-11,66.16379904524807,-21.395585764715772,-12.963459933790604,36.86086747929987
2002-01-12,65.74668150434195,-20.655979095816072,-11.50455422730161,37.58136542010175
2002-01-13,64.15317489777615,-21.149509592423545,-13.254597601443187,37.13083474524652
2002-01-14,64.68870277604942,-21.31239488773605,-11.519615393108138,37.41361281844866
2002-01-15,64.77506449608035,-22.701960114192953,-11.79257398103711,39.89376898306911
2002-01-16,66.02483642547779,-22.315671042370923,-11.641142963975188,39.96229835167705
2002-01-17,65.6907965074782,-20.344933457137547,-12.774916155600012,37.42622550994221
2002-01-18,65.02919251276865,-18.61192410380374,-11.71546845638506,37.863390394721584
2002-01-19,64.84765765065059,-19.505482656958932,-11.978027787225356,37.614401806195005
2002-01-20,66.61105511809319,-21.079717971208535,-11.322887505341308,37.218538641248806
2002-01-21,66.35808313664373,-19.85336727514671,-10.583587839742394,38.24907995056024
2002-01-22,65.50864716881541,-20.910787509697595,-10.958260570651374,38.37813315198775
2002-01-23,67.29349369761792,-20.8127531905336,-10.41815920364009,39.74492011118215
2002-01-24,68.13847950226156,-19.831505087743814,-10.807356176429685,41.39199032857242
2002-01-25,70.34790894421045,-20.28741407681605,-10.359891714452893,42.205896339405044
2002-01-26,69.2124267205951,-19.746053818550717,-11.656340772977854,43.81276297501373
2002-01-27,68.20780579077363,-20.82068834654102,-12.180968971202583,43.617021206312515
2002-01-28,67.99038690098925,-19.070379109991485,-13.749316737319292,42.95055000900768
2002-01-29,68.38287885365229,-21.28854176129159,-12.05001020201491,42.840707338352914
2002-01-30,68.87710878385684,-20.943599206102988,-10.633213626446443,43.68201514638742
2002-01-31,68.13527319296634,-19.909156773837204,-10.916352244329579,43.66836774273786
2002-02-01,68.01968811049052,-21.135930214367402,-10.892420524678188,42.794795389234146
2002-02-02,66.07488816251708,-22.96143358923561,-11.266400013907681,41.061996762862805
2002-02-03,66.194444834568,-22.57846719070493,-10.716525902506689,41.648929964410705
2002-02-04,66.07130894349824,-21.85800910771546,-10.150470315442776,41.984812747488206
2002-02-05,65.83502817996464,-21.924484574764396,-8.491218989980345,41.54545277042063
2002-02-06,66.74661863620429,-22.449949559989047,-10.13381381472298,41.503146003267595
2002-02-07,67.06744015149366,-22.342768196891686,-11.100265667676615,40.9799952145733
2002-02-08,66.39365228884955,-21.902707440382585,-10.161511538756773,40.53150470764237
2002-02-09,65.8607875777233,-22.859192095568872,-10.702962686655296,41.52640738669055
2002-02-10,65.43257585341144,-23.25223279038323,-11.662089862124818,42.613799630526664
2002-02-11,64.5871428284433,-25.53760087722255,-11.943790673647737,43.70894179808331
2002-02-12,66.34344322713159,-25.156195717460218,-12.571967826905466,42.435050267906014
2002-02-13,66.00241643659473,-26.325644496720336,-14.059445946922713,43.64511759014524
2002-02-14,64.05004018371956,-27.884429390473855,-13.86166240344491,41.26600430782139
2002-02-15,64.45502593338482,-27.95105636146445,-13.792794199142376,40.76226877116272
2002-02-16,64.24161974819725,-28.928375610713307,-15.362069535531816,42.42855903707109
2002-02-17,65.45679671058818,-28.803650406882987,-14.389746770843047,41.24510258073674
2002-02-18,65.01140874552935,-29.031696542034833,-13.967286718218961,42.04323823170176
2002-02-19,64.71550781283473,-29.66157436488213,-12.250551361384716,41.787169856995696
2002-02-20,62.740828072818076,-29.775155968851212,-10.419189470373059,41.189192051439605
2002-02-21,64.13414512574322,-29.61647197985621,-10.279612736892027,39.18114133505356
2002-02-22,65.03665372636269,-29.286919490278223,-11.422152404478183,38.87903695245106
2002-02-23,64.71699044034897,-27.98430024022584,-12.765101787983689,39.51230376671805
2002-02-24,64.58761053015445,-28.836982072815353,-11.42598336318342,39.55066834635086
2002-02-25,65.65311175698733,-28.763646277995797,-11.143908939889904,39.463745899186776
2002-02-26,63.27609556884383,-28.947434504947463,-9.306196922177428,40.19188282403464
2002-02-27,64.65109538343577,-28.97614705169407,-9.568372764030928,39.54150324955075
2002-02-28,66.12164211145546,-27.93914365085121,-8.429529603566458,40.036775291020554
2002-03-01,64.97497550387243,-30.422093314748203,-9.493523094002882,38.58748670836038
2002-03-02,63.317400842729725,-29.767733927277586,-7.99097076158583,39.437069513771505
2002-03-03,63.36760921662213,-30.210547807729892,-8.00699542395707,40.89625386484459
2002-03-04,63.763569043621544,-30.860670408060784,-7.488507459349509,39.81393983248079
2002-03-05,62.449925248281005,-32.46959074410757,-6.118627109533964,39.35428159058261
2002-03-06,63.87549994119664,-32.40883250924888,-6.491164040356298,38.94370359607028
2002-03-07,63.03907537929491,-30.69109639743512,-9.041062524574999,37.65516314097356
2002-03-08,63.04860124540129,-32.980450710621085,-9.937478740327139,38.76982499281011
2002-03-09,61.74540644145363,-33.65716266087789,-9.217519990374528,38.97190346351704
2002-03-10,60.62613609324056,-34.06851423914474,-9.347203785559426,39.04017201242139
2002-03-11,63.274432301551236,-35.09994171646488,-10.064687412505693,39.63151663267577
2002-03-12,65.61045540419558,-35.32629640174806,-7.623723769404641,39.71198402451923
2002-03-13,66.27580647184658,-34.88843000912051,-8.281280438011596,39.56348976630903
2002-03-14,67.18477835597133,-35.410262763640056,-7.570923316992056,39.978554501769594
2002-03-15,66.46655219704878,-34.84263421279019,-8.419774878309731,38.9742119028737
2002-03-16,66.76974111383981,-35.49300315580777,-10.263999954519344,41.788736330377816
2002-03-17,66.46989764287068,-36.157206749293536,-10.36139170793441,42.98908735453836
2002-03-18,66.63586751858281,-34.614288211767345,-13.159928286708102,42.028229335281125
2002-03-19,64.20890184239683,-35.438303665329535,-11.546712630469006,41.865796874416965
2002-03-20,62.62919823083975,-35.293539211352986,-11.301010138762392,42.32632564365428
2002-03-21,62.46164863320729,-36.37904180685502,-10.666434328768275,40.797724654500406
2002-03-22,62.068526104637556,-34.34376551538741,-9.464289766849586,39.03391132371054
2002-03-23,61.71744729153377,-34.079516493730225,-10.381604801316367,38.80865548466594
2002-03-24,60.077461833643476,-33.28161217828204,-10.661490989472284,38.78848537940566
2002-03-25,59.603087737087634,-31.274726587124587,-9.891171080311452,38.12916770507017
2002-03-26,58.37553729073858,-30.968066390315073,-11.206207800226231,38.310423362739485
2002-03-27,59.304391360100965,-28.95014859494955,-10.798152108637607,39.22089767593016
2002-03-28,59.73118106842147,-27.43984326763814,-11.808872429698063,38.66199466397654
2002-03-29,60.02772879931891,-27.864044924235753,-11.88667459814698,39.082140272626276
2002-03-30,60.84115250911063,-27.161886255121377,-12.331712210928895,39.636737778507836
2002-03-31,60.55591651123902,-25.65179390909296,-12.415014907796541,39.40729355555197
2002-04-01,59.88501243725157,-23.482257939000725,-11.742506056165087,39.06092121339213
2002-04-02,59.29168605758398,-23.97943425358059,-9.414675697350388,38.47568301752165
2002-04-03,59.05939259708255,-25.433712887790158,-10.832899776189892,38.69561613494043
2002-04-04,58.0363941987189,-24.97209970066385,-12.515430235014732,38.609296459910965
2002-04-05,57.69815088342592,-26.323900530715377,-13.90547007458558,38.38615068225288
2002-04-06,59.02500281703793,-27.995029418270377,-14.334632475591443,39.10308489536395
2002-04-07,58.697350533972184,-28.11051785255426,-15.590827013392857,39.3609451740551
2002-04-08,59.64132701777035,-27.850695027150362,-15.830861842156711,39.125238802593444
2002-04-09,58.75951800778015,-30.661272826843373,-16.707907258368003,39.73472879949092
2002-04-10,59.92264253425179,-30.373246559033248,-14.5645092025167,39.142733304379256
2002-04-11,60.8439418446232,-29.185131087652938,-14.61111969101769,37.45952214539084
2002-04-12,60.21448111994164,-28.106259797941572,-15.725724392907123,37.56300898759849
2002-04-13,58.98873504402413,-29.240473525042482,-14.849270558971558,38.37987224619528
2002-04-14,57.48159365504077,-27.925581114373376,-14.08373950612769,38.061711425289566
2002-04-15,57.77199621710376,-27.035642804981986,-14.224753375055904,36.807740933635145
2002-04-16,58.096628892849175,-26.269818568291402,-14.336448113056395,35.288343763294606
2002-04-17,55.531232993739074,-26.785324422021972,-14.459387094803608,36.23707534242883
2002-04-18,57.637925600848455,-27.449205101463082,-15.29980581553103,35.79178454435678
2002-04-19,58.47912773627882,-25.65229431670452,-15.36845458518491,35.613348860712286
2002-04-20,58.74198021777916,-25.177214139761183,-15.438055020007448,34.86252104815613
2002-04-21,58.11723276708181,-22.85337207632755,-17.370247027957898,34.57134195161218
2002-04-22,58.191211534838395,-24.415658737381904,-18.111791684798703,33.97462790700147
2002-04-23,58.33323247731553,-25.47986213500344,-17.72079137944387,32.51951838546134
2002-04-24,57.5358915857803,-26.703974797070757,-18.096808651475076,34.04753648774163
2002-04-25,56.66165378022349,-25.669708801363218,-16.397448754456597,33.79842715144801
2002-04-26,55.906473342604336,-25.699933925204597,-15.710231436531814,33.99178735407914
2002-04-27,54.131919284009456,-24.337626773583114,-16.993777489848778,34.10725982793351
2002-04-28,53.57030561047967,-25.783939744960676,-16.37870457277707,33.307511888112316
2002-04-29,54.54156005015214,-25.012158949876,-17.350574884973042,34.32659848297941
2002-04-30,55.060997908097335,-22.891138393171076,-16.95145241490066,32.83115195043576
2002-05-01,54.47132585175842,-22.175008533591,-14.925680477646996,34.07065328898521
2002-05-02,53.76764400177291,-20.848003708476327,-14.544645553757288,33.68167133688078
2002-05-03,52.6464745184663,-20.762292624329817,-14.189105314030758,33.94074205752667
2002-05-04,52.42162964139499,-21.34451214315866,-12.467056734632255,34.747119220042634
2002-05-05,52.77097201797515,-21.975510374088287,-13.362357210723276,34.65484111818217
2002-05-06,52.16381822920959,-22.706926719755952,-12.388440001188851,34.44471767533853
2002-05-07,53.34846174239795,-22.884583654489266,-12.4353947903542,34.787240695743144
2002-05-08,51.563914957015655,-23.66287946573926,-12.601223993209308,35.10985536214654
2002-05-09,51.86885316710804,-23.157937819492044,-13.112848326380622,35.588874315465986
2002-05-10,52.79756358061227,-23.300898168153203,-10.826845295549129,36.77724392404788
2002-05-11,52.37038132762919,-22.84829822802464,-10.808031012496283,35.86192256160845
2002-05-12,51.664145851941335,-23.038163226613072,-12.838346565533792,36.271795315622086
2002-05-13,51.64976084860821,-24.145560463528476,-10.346420934812274,36.99114572918819
2002-05-14,52.498521587729336,-23.084901052431768,-8.043429219967308,38.2208935962717
2002-05-15,52.497503066566374,-22.585353654594584,-8.189747122429702,39.29801958501238
2002-05-16,51.60952649365273,-22.89417407466283,-8.646128698923413,38.33206781072721
2002-05-17,52.954414650550525,-22.520332826536908,-8.409786716685504,38.33042717106606
2002-05-18,52.41926037307726,-22.29132941977738,-9.017123338036331,37.38029601196163
2002-05-19,53.84461861064798,-24.993433158446116,-9.53271522744031,37.01132373388014
2002-05-20,54.444810568160605,-24.566470721507237,-8.975344312456317,38.12281640366222
2002-05-21,54.400852300329866,-21.72844107832375,-9.88792839954943,37.403936325343295
2002-05-22,54.87314738689923,-22.823904833220354,-9.372018525065862,39.42340697501372
2002-05-23,55.56109971458379,-24.26378640411079,-10.775991286146462,40.01664805758678
2002-05-24,55.8648712062947,-24.781940001283992,-10.979513735676884,42.37938267689971
2002-05-25,56.07021031948905,-25.20423230278155,-11.824534660796623,42.93471941867679
2002-05-26,57.798545700473476,-23.91519853263412,-11.058058049147244,43.517603738081
2002-05-27,57.90570290754055,-22.77780825332841,-9.903500270645557,42.61707515758174
2002-05-28,56.704697566863324,-23.046715321668092,-10.642775095393802,42.33882369006282
2002-05-29,56.53826257591101,-23.477600640067227,-10.252133377111237,43.17023687501305
2002-05-30,56.22539970654772,-22.01257019179402,-10.7284724588478,43.4193082963958
2002-05-31,55.77846873309173,-22.19259636490186,-10.616319009276493,43.69461309137958
2002-06-01,56.99415429275552,-22.126204367079012,-9.974057391484806,44.692982334022496
2002-06-02,57.95739353643835,-23.034629971599298,-8.419444682080064,45.62829619030384
2002-06-03,57.93505272587945,-22.22966460073554,-7.0065625342911275,45.69404314096906
2002-06-04,57.10489038950287,-23.045426347962614,-7.534482700607972,45.02983717862208
2002-06-05,56.577904610678054,-22.218304503885896,-7.50511490931457,44.26731403694238
2002-06-06,54.88514326973218,-21.240910571780923,-7.739436853067609,43.33176820477934
2002-06-07,54.536219393755346,-21.256920078936798,-9.147787799547494,43.003868220144795
2002-06-08,52.93989735886427,-21.08440351784882,-9.645978430693106,42.98857417447402
2002-06-09,52.70583849583592,-22.447770731844663,-9.128180287386082,45.12259562386781
2002-06-10,53.831517501988166,-20.3729259967149,-10.544119800753,45.38458232169998
2002-06-11,55.154452868666816,-19.68631143570928,-10.82025692461534,44.59013433519673
2002-06-12,55.52783893474538,-19.731924677179737,-10.968382762965275,43.31453273533486
2002-06-13,56.1908000167898,-19.652200585679317,-11.284434319813807,42.815198699405784
2002-06-14,54.03080378911671,-19.177146274468107,-10.127248979440385,44.30129100958624
2002-06-15,55.04788858604361,-19.147110314857866,-9.946149301033008,46.225714976747945
2002-06-16,55.17485595925189,-19.758847990700858,-8.983552294818335,47.37783189958862
2002-06-17,54.883045823902954,-18.73708507057016,-7.819469079747913,47.29262895873547
2002-06-18,54.782521962413526,-19.079166788378316,-8.496075661134471,48.067997272917815
2002-06-19,54.128540385059466,-18.315293718823604,-7.302280329886606,46.54070927695002
2002-06-20,53.812304382449796,-18.144048228319782,-5.709517520679273,46.261056500924155
2002-06-21,53.47550642812069,-17.276230374474093,-6.281958060635725,46.00380789274947
2002-06-22,54.622741489993764,-16.49790054179318,-7.285224455783147,47.00951732379316
2002-06-23,53.053226199137576,-16.61702795916018,-5.7011532702374765,48.6918035463045
2002-06-24,52.04001512477692,-16.65270611012601,-5.8489122559221,48.692456275571395
2002-06-25,53.09088635786217,-15.609917580786698,-5.4319613010503005,48.822499192803825
2002-06-26,54.843340856980085,-15.108297063544441,-6.507882459054155,48.64372301245326
2002-06-27,53.97876734044551,-16.7333492048145,-7.3361652298322575,47.93788632795948
2002-06-28,52.85745514619769,-15.387077573586037,-5.870334296069721,47.07135012971922
2002-06-29,52.26026020825461,-14.677239711586829,-6.645471001402708,46.67672277647691
2002-06-30,53.78454465452567,-15.066057540126979,-8.74220567426404,45.45043262327172
2002-07-01,55.03010407944114,-14.608653017811095,-7.753020368511277,44.372309542714625
2002-07-02,55.03676151000434,-16.122962825497346,-8.49747534409662,45.5663719756326
2002-07-03,54.287240924523005,-16.49861682416248,-9.2360893893121,46.360591319988075
2002-07-04,53.55431495798876,-17.84984482137534,-8.187236140662652,46.494029956205345
2002-07-05,52.19023889212997,-17.992553029175504,-8.221195770882003,46.129616108420066
2002-07-06,50.675956821176335,-18.173582120692622,-7.679381782759806,44.45433530952399
2002-07-07,49.176263363934574,-18.12328091170093,-9.980082344409897,45.983034821805454
2002-07-08,49.32357616229059,-15.820033443194701,-9.884994584651144,44.84034039736649
2002-07-09,49.913721740448786,-16.143971528952022,-9.571572491208522,44.98390625712327
2002-07-10,49.93103870075573,-16.134361431225095,-10.737777677861972,45.02671041013798
2002-07-11,50.30915307149235,-15.738834064480464,-11.801543035379753,45.850889680684965
2002-07-12,50.29397771119027,-14.612039045832525,-10.42142008170108,45.544036368998704
2002-07-13,50.08131859962777,-15.506907066012625,-11.466131048606838,44.441627945878814
2002-07-14,50.29124324476536,-16.729174288982914,-11.341908693765715,44.5982830333735
2002-07-15,51.64999174034909,-17.56453590667619,-12.34877507768363,43.81395151695244
2002-07-16,53.13097966388202,-16.483317303582833,-11.919037893801828,42.97449465119175
2002-07-17,51.11180780724404,-16.280874026174782,-11.96220088389296,42.50058252899491
2002-07-18,51.40079552816067,-16.844030405733797,-13.907864917457859,42.93919037102731
2002-07-19,51.505009145478965,-17.633645518938394,-13.6607445449866,42.32189445481755
2002-07-20,51.12943293616279,-17.811346066715128,-14.115532309627458,42.18120613147148
2002-07-21,51.83633086707104,-17.917133126508226,-15.486759117196089,42.38987892314492
2002-07-22,52.90923304953527,-18.91487334095843,-14.919516938223625,43.27165241674861
2002-07-23,51.79060291852782,-18.262301180189823,-14.636616059453425,43.38578335726366
2002-07-24,53.685126214315865,-16.237337068910975,-13.927671809510462,43.762560038244615
2002-07-25,52.910216055290114,-17.53218573385768,-14.726933059740745,45.103068438229705
2002-07-26,54.94165676322901,-19.54504350255249,-14.899388116664277,44.86675611097813
2002-07-27,53.92421116894545,-19.676334305808847,-15.152917439558827,43.58296514251194
2002-07-28,52.93315145205353,-19.887482290828572,-15.502199264146336,44.13788727405539
2002-07-29,53.49456086176973,-20.87188351932509,-13.476394842785908,44.23749976440482
2002-07-30,52.00026074024709,-22.63956009253099,-12.98740267000035,45.90350684881044
2002-07-31,51.307230720595854,-23.29295261640896,-12.3714705104799,45.61561418922223
2002-08-01,50.67819820777932,-22.606431766637975,-10.944028970242673,46.47476174360422
2002-08-02,51.28477976585257,-22.392315408689853,-13.529277547014319,44.78351352986844
2002-08-03,50.945760260677105,-23.231371671310015,-12.444654018694985,45.701346623546826
2002-08-04,52.08330997737083,-22.854972708627155,-12.065276523194488,47.273450029093475
2002-08-05,52.00764325351821,-21.26654179622968,-11.17248967731523,49.05122668485523
2002-08-06,53.28196386647992,-21.749431395114133,-12.548018571389228,48.157479808840854
2002-08-07,54.92386847394722,-22.50002142652295,-12.443659736149963,48.99944035060187
2002-08-08,52.47959309708344,-21.84736074033157,-10.36501515227609,47.94499955860606
2002-08-09,51.03263806520262,-24.325040732762332,-10.900239612156732,47.93240797894147
2002-08-10,50.87728366535987,-23.025649620996493,-10.996573280060016,46.97640683910418
2002-08-11,50.90120079080897,-22.141847234332772,-11.236882286613548,48.40418027828251
2002-08-12,50.65746143483105,-21.53680464515384,-12.058119813546844,48.11688136283374
2002-08-13,49.25454154613587,-21.196263939198786,-12.58730846580643,47.459483940081284
2002-08-14,48.820414394104304,-21.829979048102654,-12.290400666751989,46.75125690848634
2002-08-15,48.839118078328525,-19.596786373650577,-12.461336277825836,46.502643453867066
2002-08-16,49.20625219887446,-20.509870013718505,-13.25147172710327,47.094780798420665
2002-08-17,50.350893825388546,-21.977432523504046,-13.934529915899274,47.949545248338666
2002-08-18,50.658243448886154,-23.34783910280139,-12.492490645630154,47.06591723397403
2002-08-19,49.61329803923523,-22.313036456042006,-13.277847849323598,46.50039256425927
2002-08-20,48.210000564392494,-21.017077051127046,-13.149117652766062,46.15944983199445
2002-08-21,46.90654063975699,-22.765835212682532,-15.269063579142829,44.78267117105428
2002-08-22,47.691490794462275,-21.543168931717165,-15.850492520488835,44.35954325976336
2002-08-23,47.83242085939569,-21.239852071090766,-15.502267262445978,46.12430149851613
2002-08-24,46.595145812336575,-21.40900656418258,-16.361185530837183,47.7372957888747
2002-08-25,47.80891615539068,-21.575395769350223,-17.244554339289515,47.88161981820064
2002-08-26,48.126112748501555,-21.894255618945202,-17.407929860086185,48.77642318012345
2002-08-27,48.580161186731786,-22.308849426479657,-15.923746386733646,49.75522257273911
2002-08-28,46.97705070124055,-23.789793978055673,-15.367656535561064,50.16505135007015
2002-08-29,46.39291422144319,-23.300804042240156,-15.472380504247411,49.42161612291656
2002-08-30,46.418683208493476,-23.87165123459281,-16.087262336719835,50.68131781206085
2002-08-31,45.495569952809106,-25.143261993471164,-17.072278990929195,49.850481891233464
2002-09-01,47.1230890778205,-26.36322073517639,-16.093010192491025,49.58968807172495
2002-09-02,46.47217512152807,-27.23534291953489,-16.335992453086092,49.343032479970034
2002-09-03,45.58136828860154,-28.020649979291893,-15.833776636095507,49.38492594860637
2002-09-04,46.120674536863966,-27.022329815038567,-14.858490145609673,50.30610254222774
2002-09-05,47.44821463516177,-26.496551547976694,-15.614695126862074,50.53630416933138
2002-09-06,47.841344861372,-24.895347106051958,-16.392652879117364,50.28280571273109
2002-09-07,47.28596115586844,-23.195207643021078,-16.183913600724104,49.650015919966734
2002-09-08,46.75615275202851,-23.727115486455357,-15.723848220569332,51.5613158095888
2002-09-09,44.70022373385193,-23.5564320476601,-16.123265864824628,49.06174218004167
2002-09-10,45.00505551185788,-25.138774409177636,-15.462513434542222,50.91253955328408
2002-09-11,45.90559068332529,-25.08677730877763,-15.263871170692825,49.31715017672734
2002-09-12,45.02335334864891,-26.99735721070561,-13.286450117825947,49.80999765824737
2002-09-13,47.14337755481686,-26.774854341350604,-12.68011957371414,50.91648498515424
2002-09-14,47.18409024108814,-27.036870808300993,-12.385977866094182,49.187140145291174
2002-09-15,47.36527871659953,-27.120432846607336,-12.846955593975133,49.99025757629422
2002-09-16,46.73518187604643,-25.3809300528721,-12.438972757269635,51.845932155332584
2002-09-17,48.064725943026204,-23.641155302175964,-11.869038553857962,51.68756653090631
2002-09-18,47.368721445491424,-23.755738236805207,-11.656510764544631,52.508078283884984
2002-09-19,46.466491974979306,-24.15626177974978,-10.848362840992554,51.718224430210036
2002-09-20,46.553791695844986,-24.448424175102538,-10.834543654152068,51.28460987985187
2002-09-21,47.50065367513095,-24.017757017461403,-13.40575270825467,50.16069040618605
2002-09-22,48.41174681829413,-24.954964270186487,-13.428317410753483,50.32849888203953
2002-09-23,47.92183130018841,-24.71976977603476,-13.135067893870481,50.56381948602436
2002-09-24,48.403041356380875,-25.898092820029962,-12.535560980485176,49.25655173108894
2002-09-25,47.56051538078131,-27.774540226848877,-12.732510648116333,50.08590947871986
2002-09-26,47.26859859538837,-28.193173594584014,-12.277345029696402,48.96163853068836
