,구,오염물질,월,평균값
0,강남구,CO,01,0.5632432432432433
1,강남구,CO,02,0.5757121439280359
2,강남구,CO,03,0.5683355886332883
3,강남구,CO,04,0.42905027932960893
4,강남구,CO,05,0.42027027027027025
5,강남구,CO,06,0.41078431372549024
6,강남구,CO,07,0.3124661246612466
7,강남구,CO,08,0.3423913043478261
8,강남구,CO,09,0.32249637155297534
9,강남구,CO,10,0.3882113821138211
10,강남구,CO,11,0.5161064425770309
11,강남구,CO,12,0.5264305177111717
12,강남구,NO2,01,0.03042162162162162
13,강남구,NO2,02,0.02898950524737631
14,강남구,NO2,03,0.032859269282814615
15,강남구,NO2,04,0.02340782122905028
16,강남구,NO2,05,0.019952702702702704
17,강남구,NO2,06,0.019666666666666666
18,강남구,NO2,07,0.017199186991869918
19,강남구,NO2,08,0.015591032608695652
20,강남구,NO2,09,0.01506821480406386
21,강남구,NO2,10,0.02279810298102981
22,강남구,NO2,11,0.03078151260504202
23,강남구,NO2,12,0.029031420765027325
24,강남구,O3,01,0.014154054054054054
25,강남구,O3,02,0.02190104947526237
26,강남구,O3,03,0.02469824086603518
27,강남구,O3,04,0.037529329608938546
28,강남구,O3,05,0.03597432432432432
29,강남구,O3,06,0.04095378151260504
30,강남구,O3,07,0.03709078590785908
31,강남구,O3,08,0.03279483695652174
32,강남구,O3,09,0.029921511627906974
33,강남구,O3,10,0.021588483146067417
34,강남구,O3,11,0.018484550561797753
35,강남구,O3,12,0.014209016393442622
36,강남구,PM10,01,0.03332551724137931
37,강남구,PM10,02,0.045838080959520244
38,강남구,PM10,03,0.06444986449864498
39,강남구,PM10,04,0.039955244755244756
40,강남구,PM10,05,0.059555555555555556
41,강남구,PM10,06,0.03376858345021038
42,강남구,PM10,07,0.026094979647218453
43,강남구,PM10,08,0.02215006821282401
44,강남구,PM10,09,0.014247093023255813
45,강남구,PM10,10,0.025589430894308946
46,강남구,PM10,11,0.042172268907563024
47,강남구,PM10,12,0.03582103825136612
48,강남구,PM2.5,01,0.021833558863328825
49,강남구,PM2.5,02,0.031280359820089955
50,강남구,PM2.5,03,0.033587044534412955
51,강남구,PM2.5,04,0.019525210084033615
52,강남구,PM2.5,05,0.01949728260869565
53,강남구,PM2.5,06,0.021131652661064426
54,강남구,PM2.5,07,0.015831521739130435
55,강남구,PM2.5,08,0.013846049046321526
56,강남구,PM2.5,09,0.0069448476052249635
57,강남구,PM2.5,10,0.012911924119241192
58,강남구,PM2.5,11,0.023715287517531554
59,강남구,PM2.5,12,0.02005054644808743
60,강남구,SO2,01,0.003654054054054054
61,강남구,SO2,02,0.0036191904047976012
62,강남구,SO2,03,0.003638700947225981
63,강남구,SO2,04,0.003490223463687151
64,강남구,SO2,05,0.003202702702702703
65,강남구,SO2,06,0.0034005602240896357
66,강남구,SO2,07,0.003181571815718157
67,강남구,SO2,08,0.0030842391304347827
68,강남구,SO2,09,0.002981132075471698
69,강남구,SO2,10,0.003214092140921409
70,강남구,SO2,11,0.003603641456582633
71,강남구,SO2,12,0.0034986338797814206
72,강동구,CO,01,0.5449118046132971
73,강동구,CO,02,0.5588323353293413
74,강동구,CO,03,0.48663967611336034
75,강동구,CO,04,0.34540389972144847
76,강동구,CO,05,0.3334231805929919
77,강동구,CO,06,0.36047486033519555
78,강동구,CO,07,0.2706919945725916
79,강동구,CO,08,0.30517482517482514
80,강동구,CO,09,0.2879888268156424
81,강동구,CO,10,0.40364864864864863
82,강동구,CO,11,0.4939606741573034
83,강동구,CO,12,0.5146143437077132
84,강동구,NO2,01,0.03103125
85,강동구,NO2,02,0.030488023952095808
86,강동구,NO2,03,0.03033918918918919
87,강동구,NO2,04,0.02183565459610028
88,강동구,NO2,05,0.018700808625336927
89,강동구,NO2,06,0.01631703910614525
90,강동구,NO2,07,0.013024423337856174
91,강동구,NO2,08,0.012447552447552449
92,강동구,NO2,09,0.012090782122905028
93,강동구,NO2,10,0.02218783783783784
94,강동구,NO2,11,0.030571629213483144
95,강동구,NO2,12,0.030159675236806495
96,강동구,O3,01,0.014583673469387754
97,강동구,O3,02,0.022291916167664672
98,강동구,O3,03,0.02346955128205128
99,강동구,O3,04,0.03531754874651811
100,강동구,O3,05,0.03277628032345013
101,강동구,O3,06,0.03792458100558659
102,강동구,O3,07,0.030244233378561736
103,강동구,O3,08,0.030086713286713286
104,강동구,O3,09,0.026868715083798882
105,강동구,O3,10,0.01816216216216216
106,강동구,O3,11,0.014331460674157304
107,강동구,O3,12,0.011220108695652172
108,강동구,PM10,01,0.042050477489768076
109,강동구,PM10,02,0.05210494752623688
110,강동구,PM10,03,0.06881929347826088
111,강동구,PM10,04,0.042442119944211994
112,강동구,PM10,05,0.06378932584269663
113,강동구,PM10,06,0.03152155172413793
114,강동구,PM10,07,0.021864197530864198
115,강동구,PM10,08,0.02110593220338983
116,강동구,PM10,09,0.014635703918722785
117,강동구,PM10,10,0.027324621733149933
118,강동구,PM10,11,0.046000000000000006
119,강동구,PM10,12,0.041545205479452056
120,강동구,PM2.5,01,0.025104477611940297
121,강동구,PM2.5,02,0.031305993690851734
122,강동구,PM2.5,03,0.03383288409703504
123,강동구,PM2.5,04,0.020215988779803646
124,강동구,PM2.5,05,0.019893854748603352
125,강동구,PM2.5,06,0.019934265734265735
126,강동구,PM2.5,07,0.01581855388813097
127,강동구,PM2.5,08,0.013116083916083916
128,강동구,PM2.5,09,0.006862745098039216
129,강동구,PM2.5,10,0.013474966170500677
130,강동구,PM2.5,11,0.02589029535864979
131,강동구,PM2.5,12,0.023619891008174385
132,강동구,SO2,01,0.003032520325203252
133,강동구,SO2,02,0.0028862275449101794
134,강동구,SO2,03,0.0025702702702702705
135,강동구,SO2,04,0.0024916434540389974
136,강동구,SO2,05,0.0023059299191374666
137,강동구,SO2,06,0.0024329608938547485
138,강동구,SO2,07,0.0022979591836734693
139,강동구,SO2,08,0.0022923076923076924
140,강동구,SO2,09,0.002092178770949721
141,강동구,SO2,10,0.002431081081081081
142,강동구,SO2,11,0.002768258426966292
143,강동구,SO2,12,0.002891632373113855
144,강북구,CO,01,0.5456756756756757
145,강북구,CO,02,0.5351270553064275
146,강북구,CO,03,0.49029649595687336
147,강북구,CO,04,0.3305439330543933
148,강북구,CO,05,0.31716216216216214
149,강북구,CO,06,0.32797202797202796
150,강북구,CO,07,0.28450134770889485
151,강북구,CO,08,0.31587078651685396
152,강북구,CO,09,0.3068435754189944
153,강북구,CO,10,0.3361673414304993
154,강북구,CO,11,0.47574022346368716
155,강북구,CO,12,0.5118918918918919
156,강북구,NO2,01,0.02445810810810811
157,강북구,NO2,02,0.02218086696562033
158,강북구,NO2,03,0.021745283018867925
159,강북구,NO2,04,0.014421199442119944
160,강북구,NO2,05,0.011754054054054055
161,강북구,NO2,06,0.011078321678321679
162,강북구,NO2,07,0.010588948787061995
163,강북구,NO2,08,0.010092696629213483
164,강북구,NO2,09,0.00891340782122905
165,강북구,NO2,10,0.01358974358974359
166,강북구,NO2,11,0.02187849162011173
167,강북구,NO2,12,0.023477027027027027
168,강북구,O3,01,0.015394594594594593
169,강북구,O3,02,0.022210762331838566
170,강북구,O3,03,0.027142857142857142
171,강북구,O3,04,0.03841980474198047
172,강북구,O3,05,0.03823139377537212
173,강북구,O3,06,0.04204055944055944
174,강북구,O3,07,0.03556950067476383
175,강북구,O3,08,0.03172191011235955
176,강북구,O3,09,0.031244413407821227
177,강북구,O3,10,0.024666666666666667
178,강북구,O3,11,0.022336592178770952
179,강북구,O3,12,0.0168472972972973
180,강북구,PM10,01,0.04336585365853658
181,강북구,PM10,02,0.05051351351351352
182,강북구,PM10,03,0.06647708894878707
183,강북구,PM10,04,0.041462937062937064
184,강북구,PM10,05,0.06094910591471802
185,강북구,PM10,06,0.030361344537815128
186,강북구,PM10,07,0.024017615176151762
187,강북구,PM10,08,0.022571830985915493
188,강북구,PM10,09,0.01681372549019608
189,강북구,PM10,10,0.02789416553595658
190,강북구,PM10,11,0.04773463687150838
191,강북구,PM10,12,0.041833558863328825
192,강북구,PM2.5,01,0.02158108108108108
193,강북구,PM2.5,02,0.028829085457271364
194,강북구,PM2.5,03,0.030577388963660836
195,강북구,PM2.5,04,0.017213986013986014
196,강북구,PM2.5,05,0.016921195652173916
197,강북구,PM2.5,06,0.0190688202247191
198,강북구,PM2.5,07,0.01678619756427605
199,강북구,PM2.5,08,0.012443037974683544
200,강북구,PM2.5,09,0.006505602240896359
201,강북구,PM2.5,10,0.012233378561736771
202,강북구,PM2.5,11,0.02508100558659218
203,강북구,PM2.5,12,0.022441891891891892
204,강북구,SO2,01,0.003574324324324324
205,강북구,SO2,02,0.0029297458893871448
206,강북구,SO2,03,0.002579514824797844
207,강북구,SO2,04,0.0023347280334728034
208,강북구,SO2,05,0.0020743243243243246
209,강북구,SO2,06,0.002355244755244755
210,강북구,SO2,07,0.0025256064690026957
211,강북구,SO2,08,0.002321629213483146
212,강북구,SO2,09,0.002111731843575419
213,강북구,SO2,10,0.0024411366711772665
214,강북구,SO2,11,0.0028659217877094975
215,강북구,SO2,12,0.002877027027027027
216,강서구,CO,01,0.49190283400809715
217,강서구,CO,02,0.5699551569506727
218,강서구,CO,03,0.5395945945945946
219,강서구,CO,04,0.395391061452514
220,강서구,CO,05,0.313550135501355
221,강서구,CO,06,0.3634965034965035
222,강서구,CO,07,0.27921195652173914
223,강서구,CO,08,0.37981029810298106
224,강서구,CO,09,0.40559440559440557
225,강서구,CO,10,0.4887186629526462
226,강서구,CO,11,0.66
227,강서구,CO,12,0.6668928086838535
228,강서구,NO2,01,0.032058029689608636
229,강서구,NO2,02,0.030327354260089687
230,강서구,NO2,03,0.033622972972972974
231,강서구,NO2,04,0.024164804469273743
232,강서구,NO2,05,0.023062330623306232
233,강서구,NO2,06,0.028101694915254237
234,강서구,NO2,07,0.01616183574879227
235,강서구,NO2,08,0.015144986449864497
236,강서구,NO2,09,0.01527972027972028
237,강서구,NO2,10,0.024063772048846674
238,강서구,NO2,11,0.03395182481751825
239,강서구,NO2,12,0.03280597014925373
240,강서구,O3,01,0.01539136302294197
241,강서구,O3,02,0.023079222720478326
242,강서구,O3,03,0.03042162162162162
243,강서구,O3,04,0.039987430167597766
244,강서구,O3,05,0.038126016260162605
245,강서구,O3,06,0.04151748251748252
246,강서구,O3,07,0.0371418826739427
247,강서구,O3,08,0.034191056910569104
248,강서구,O3,09,0.030758041958041958
249,강서구,O3,10,0.021430122116689283
250,강서구,O3,11,0.017694890510948906
251,강서구,O3,12,0.013869387755102042
252,강서구,PM10,01,0.040850202429149794
253,강서구,PM10,02,0.05304633781763827
254,강서구,PM10,03,0.07311668928086838
255,강서구,PM10,04,0.041792665726375175
256,강서구,PM10,05,0.06409640287769784
257,강서구,PM10,06,0.03297029702970297
258,강서구,PM10,07,0.02416326530612245
259,강서구,PM10,08,0.020840108401084013
260,강서구,PM10,09,0.01393688639551192
261,강서구,PM10,10,0.028502724795640325
262,강서구,PM10,11,0.050037845705967976
263,강서구,PM10,12,0.043861601085481684
264,강서구,PM2.5,01,0.022158108108108112
265,강서구,PM2.5,02,0.031983557548579976
266,강서구,PM2.5,03,0.035848238482384824
267,강서구,PM2.5,04,0.018664804469273745
268,강서구,PM2.5,05,0.022149051490514906
269,강서구,PM2.5,06,0.022799157303370787
270,강서구,PM2.5,07,0.016914402173913042
271,강서구,PM2.5,08,0.014296747967479675
272,강서구,PM2.5,09,0.007914565826330532
273,강서구,PM2.5,10,0.014264305177111717
274,강서구,PM2.5,11,0.026320232896652113
275,강서구,PM2.5,12,0.02131614654002714
276,강서구,SO2,01,0.004015047879616963
277,강서구,SO2,02,0.003892749244712991
278,강서구,SO2,03,0.0036517482517482523
279,강서구,SO2,04,0.0032183908045977016
280,강서구,SO2,05,0.003035374149659864
281,강서구,SO2,06,0.0029328671328671327
282,강서구,SO2,07,0.002562073669849932
283,강서구,SO2,08,0.00302710027100271
284,강서구,SO2,09,0.0030755244755244753
285,강서구,SO2,10,0.0036719424460431656
286,강서구,SO2,11,0.004662576687116564
287,강서구,SO2,12,0.004399153737658675
288,관악구,CO,01,0.6320270270270271
289,관악구,CO,02,0.615670436187399
290,관악구,CO,03,0.5912162162162162
291,관악구,CO,04,0.44692737430167595
292,관악구,CO,05,0.4352702702702703
293,관악구,CO,06,0.4522346368715084
294,관악구,CO,07,0.3711382113821138
295,관악구,CO,08,0.3955102040816326
296,관악구,CO,09,0.38034934497816597
297,관악구,CO,10,0.4798648648648649
298,관악구,CO,11,0.6318435754189944
299,관악구,CO,12,0.6517567567567568
300,관악구,NO2,01,0.036801351351351354
301,관악구,NO2,02,0.035373873873873876
302,관악구,NO2,03,0.039434312210200925
303,관악구,NO2,04,0.027131284916201114
304,관악구,NO2,05,0.02252162162162162
305,관악구,NO2,06,0.021783519553072624
306,관악구,NO2,07,0.0175609756097561
307,관악구,NO2,08,0.016224489795918368
308,관악구,NO2,09,0.015029112081513828
309,관악구,NO2,10,0.024894594594594595
310,관악구,NO2,11,0.03439245810055866
311,관악구,NO2,12,0.03529054054054054
312,관악구,O3,01,0.012497297297297297
313,관악구,O3,02,0.01967168674698795
314,관악구,O3,03,0.022438948995363216
315,관악구,O3,04,0.033583798882681565
316,관악구,O3,05,0.03342162162162162
317,관악구,O3,06,0.039534916201117314
318,관악구,O3,07,0.04397696476964769
319,관악구,O3,08,0.03667891156462585
320,관악구,O3,09,0.03777001455604076
321,관악구,O3,10,0.0261370420624152
322,관악구,O3,11,0.01936731843575419
323,관악구,O3,12,0.01157972972972973
324,관악구,PM10,01,0.03342740841248304
325,관악구,PM10,02,0.043957831325301205
326,관악구,PM10,03,0.061044594594594596
327,관악구,PM10,04,0.03791759776536313
328,관악구,PM10,05,0.05664276048714479
329,관악구,PM10,06,0.03335483870967742
330,관악구,PM10,07,0.025279835390946505
331,관악구,PM10,08,0.022194254445964432
332,관악구,PM10,09,0.01450509461426492
333,관악구,PM10,10,0.02634594594594595
334,관악구,PM10,11,0.04203361344537815
335,관악구,PM10,12,0.03602168021680217
336,관악구,PM2.5,01,0.01748849797023004
337,관악구,PM2.5,02,0.026596385542168675
338,관악구,PM2.5,03,0.02872093023255814
339,관악구,PM2.5,04,0.0174231843575419
340,관악구,PM2.5,05,0.018734501347708894
341,관악구,PM2.5,06,0.01914726507713885
342,관악구,PM2.5,07,0.015314713896457765
343,관악구,PM2.5,08,0.01324693042291951
344,관악구,PM2.5,09,0.0067117903930131
345,관악구,PM2.5,10,0.012866216216216217
346,관악구,PM2.5,11,0.025098039215686277
347,관악구,PM2.5,12,0.02247831978319783
348,관악구,SO2,01,0.0035243243243243245
349,관악구,SO2,02,0.0034804804804804807
350,관악구,SO2,03,0.0033635135135135132
351,관악구,SO2,04,0.003230446927374302
352,관악구,SO2,05,0.0029283783783783787
353,관악구,SO2,06,0.0033296089385474858
354,관악구,SO2,07,0.0031395663956639568
355,관악구,SO2,08,0.002691156462585034
356,관악구,SO2,09,0.002455604075691412
357,관악구,SO2,10,0.0028702702702702704
358,관악구,SO2,11,0.0032430167597765364
359,관악구,SO2,12,0.0033013513513513513
360,광진구,CO,01,0.626145552560647
361,광진구,CO,02,0.562125748502994
362,광진구,CO,03,0.5435897435897437
363,광진구,CO,04,0.37960893854748606
364,광진구,CO,05,0.41810810810810806
365,광진구,CO,06,0.48061366806136685
366,광진구,CO,07,0.40175438596491225
367,광진구,CO,08,0.4193243243243243
368,광진구,CO,09,0.45698324022346365
369,광진구,CO,10,0.46329284750337385
370,광진구,CO,11,0.6447552447552447
371,광진구,CO,12,0.6214285714285714
372,광진구,NO2,01,0.025456873315363882
373,광진구,NO2,02,0.02570508982035928
374,광진구,NO2,03,0.028541160593792175
375,광진구,NO2,04,0.01958659217877095
376,광진구,NO2,05,0.017324324324324326
377,광진구,NO2,06,0.015460251046025105
378,광진구,NO2,07,0.012699055330634278
379,광진구,NO2,08,0.013456756756756756
380,광진구,NO2,09,0.011297486033519554
381,광진구,NO2,10,0.015862481315396113
382,광진구,NO2,11,0.027923076923076922
383,광진구,NO2,12,0.03136991869918699
384,광진구,O3,01,0.011417789757412398
385,광진구,O3,02,0.016622262773722626
386,광진구,O3,03,0.023960863697705802
387,광진구,O3,04,0.03550139664804469
388,광진구,O3,05,0.03537567567567568
389,광진구,O3,06,0.039789400278940026
390,광진구,O3,07,0.0377638326585695
391,광진구,O3,08,0.038400000000000004
392,광진구,O3,09,0.028667597765363127
393,광진구,O3,10,0.02027800269905533
394,광진구,O3,11,0.015973426573426572
395,광진구,O3,12,0.012418353576248313
396,광진구,PM10,01,0.03454878048780488
397,광진구,PM10,02,0.04498953662182362
398,광진구,PM10,03,0.06339864864864865
399,광진구,PM10,04,0.040670868347338934
400,광진구,PM10,05,0.059813513513513515
401,광진구,PM10,06,0.03149303621169917
402,광진구,PM10,07,0.02325034013605442
403,광진구,PM10,08,0.02191196698762036
404,광진구,PM10,09,0.014747545582047687
405,광진구,PM10,10,0.025859269282814613
406,광진구,PM10,11,0.043902097902097904
407,광진구,PM10,12,0.03675848032564451
408,광진구,PM2.5,01,0.021124156545209178
409,광진구,PM2.5,02,0.02949025487256372
410,광진구,PM2.5,03,0.03100135135135135
411,광진구,PM2.5,04,0.018130252100840336
412,광진구,PM2.5,05,0.019090540540540542
413,광진구,PM2.5,06,0.017956764295676428
414,광진구,PM2.5,07,0.014414864864864865
415,광진구,PM2.5,08,0.013672998643147896
416,광진구,PM2.5,09,0.0070139860139860144
417,광진구,PM2.5,10,0.013183783783783784
418,광진구,PM2.5,11,0.026188547486033522
419,광진구,PM2.5,12,0.02326829268292683
420,광진구,SO2,01,0.0028007968127490043
421,광진구,SO2,02,0.003008982035928144
422,광진구,SO2,03,0.0033009446693657222
423,광진구,SO2,04,0.003175977653631285
424,광진구,SO2,05,0.0033810810810810813
425,광진구,SO2,06,0.003241283124128312
426,광진구,SO2,07,0.002970310391363023
427,광진구,SO2,08,0.002447297297297297
428,광진구,SO2,09,0.0034427374301675977
429,광진구,SO2,10,0.0025560053981106613
430,광진구,SO2,11,0.0029916083916083917
431,광진구,SO2,12,0.0024480431848852902
432,구로구,CO,01,0.4601889338731444
433,구로구,CO,02,0.4393712574850299
434,구로구,CO,03,0.44627875507442494
435,구로구,CO,04,0.35598885793871865
436,구로구,CO,05,0.3702156334231806
437,구로구,CO,06,0.3838440111420613
438,구로구,CO,07,0.31416893732970025
439,구로구,CO,08,0.3543243243243243
440,구로구,CO,09,0.40487465181058496
441,구로구,CO,10,0.44013513513513514
442,구로구,CO,11,0.4167832167832168
443,구로구,CO,12,0.48814016172506736
444,구로구,NO2,01,0.03174932249322494
445,구로구,NO2,02,0.03045209580838323
446,구로구,NO2,03,0.03249797023004059
447,구로구,NO2,04,0.022480501392757663
448,구로구,NO2,05,0.020251012145748988
449,구로구,NO2,06,0.020174337517433753
450,구로구,NO2,07,0.016256317689530685
451,구로구,NO2,08,0.013551351351351352
452,구로구,NO2,09,0.012807799442896936
453,구로구,NO2,10,0.02030604982206406
454,구로구,NO2,11,0.031363782051282055
455,구로구,NO2,12,0.029672530446549394
456,구로구,O3,01,0.01564054054054054
457,구로구,O3,02,0.023330838323353295
458,구로구,O3,03,0.026098495212038303
459,구로구,O3,04,0.03952367688022284
460,구로구,O3,05,0.03977493261455526
461,구로구,O3,06,0.04401810584958217
462,구로구,O3,07,0.04356214689265536
463,구로구,O3,08,0.038643243243243246
464,구로구,O3,09,0.03479805013927577
465,구로구,O3,10,0.026312925170068027
466,구로구,O3,11,0.022545454545454546
467,구로구,O3,12,0.018196765498652293
468,구로구,PM10,01,0.03939069111424542
469,구로구,PM10,02,0.05081437125748504
470,구로구,PM10,03,0.0749863387978142
471,구로구,PM10,04,0.04719803370786518
472,구로구,PM10,05,0.06446575342465753
473,구로구,PM10,06,0.03156899004267426
474,구로구,PM10,07,0.01946412213740458
475,구로구,PM10,08,0.019114874815905746
476,구로구,PM10,09,0.01520203488372093
477,구로구,PM10,10,0.02882344827586207
478,구로구,PM10,11,0.04592806770098731
479,구로구,PM10,12,0.04083717774762551
480,구로구,PM2.5,01,0.020037921348314607
481,구로구,PM2.5,02,0.029091454272863568
482,구로구,PM2.5,03,0.03561246612466125
483,구로구,PM2.5,04,0.02052204836415363
484,구로구,PM2.5,05,0.02219891008174387
485,구로구,PM2.5,06,0.01446433770014556
486,구로구,PM2.5,07,0.012512555391432792
487,구로구,PM2.5,08,0.011085987261146497
488,구로구,PM2.5,09,0.007378698224852071
489,구로구,PM2.5,10,0.013417256011315418
490,구로구,PM2.5,11,0.027487218045112782
491,구로구,PM2.5,12,0.02378434268833087
492,구로구,SO2,01,0.004367567567567568
493,구로구,SO2,02,0.003947604790419162
494,구로구,SO2,03,0.003407055630936228
495,구로구,SO2,04,0.003614206128133705
496,구로구,SO2,05,0.0032520215633423184
497,구로구,SO2,06,0.003389121338912134
498,구로구,SO2,07,0.0031675749318801094
499,구로구,SO2,08,0.00283085250338295
500,구로구,SO2,09,0.0025264623955431756
501,구로구,SO2,10,0.003048648648648649
502,구로구,SO2,11,0.0028653001464128843
503,구로구,SO2,12,0.0028840970350404315
504,금천구,CO,01,0.615040650406504
505,금천구,CO,02,0.5908682634730539
506,금천구,CO,03,0.5409459459459459
507,금천구,CO,04,0.388268156424581
508,금천구,CO,05,0.36548431105047746
509,금천구,CO,06,0.39535864978902957
510,금천구,CO,07,0.32392550143266474
511,금천구,CO,08,0.33414965986394557
512,금천구,CO,09,0.326783114992722
513,금천구,CO,10,0.39252199413489736
514,금천구,CO,11,0.5252793296089385
515,금천구,CO,12,0.5753721244925575
516,금천구,NO2,01,0.03315989159891599
517,금천구,NO2,02,0.03237425149700599
518,금천구,NO2,03,0.03373783783783784
519,금천구,NO2,04,0.023677374301675977
520,금천구,NO2,05,0.019394270122783084
521,금천구,NO2,06,0.01943478260869565
522,금천구,NO2,07,0.016933423913043477
523,금천구,NO2,08,0.015595918367346938
524,금천구,NO2,09,0.014231441048034933
525,금천구,NO2,10,0.02571718538565629
526,금천구,NO2,11,0.036312849162011177
527,금천구,NO2,12,0.038957478005865104
528,금천구,O3,01,0.015498644986449865
529,금천구,O3,02,0.0235314371257485
530,금천구,O3,03,0.025936486486486488
531,금천구,O3,04,0.03853631284916201
532,금천구,O3,05,0.03670259208731241
533,금천구,O3,06,0.03979523141654979
534,금천구,O3,07,0.035002717391304346
535,금천구,O3,08,0.03210612244897959
536,금천구,O3,09,0.030502183406113534
537,금천구,O3,10,0.021265223274695533
538,금천구,O3,11,0.016462290502793298
539,금천구,O3,12,0.01293640054127199
540,금천구,PM10,01,0.04086950549450549
541,금천구,PM10,02,0.053067073170731706
542,금천구,PM10,03,0.06871929824561404
543,금천구,PM10,04,0.04087709497206704
544,금천구,PM10,05,0.05684254143646409
545,금천구,PM10,06,0.033394625176803396
546,금천구,PM10,07,0.025799180327868855
547,금천구,PM10,08,0.022442622950819672
548,금천구,PM10,09,0.015660237388724036
549,금천구,PM10,10,0.02581571815718157
550,금천구,PM10,11,0.04379606188466948
551,금천구,PM10,12,0.03905205479452055
552,금천구,PM2.5,01,0.023215469613259668
553,금천구,PM2.5,02,0.03372408536585366
554,금천구,PM2.5,03,0.034502695417789754
555,금천구,PM2.5,04,0.019928270042194093
556,금천구,PM2.5,05,0.02086173184357542
557,금천구,PM2.5,06,0.022505649717514127
558,금천구,PM2.5,07,0.018875
559,금천구,PM2.5,08,0.014711354309165526
560,금천구,PM2.5,09,0.009757847533632288
561,금천구,PM2.5,10,0.013906630581867389
562,금천구,PM2.5,11,0.026187060478199718
563,금천구,PM2.5,12,0.023927272727272728
564,금천구,SO2,01,0.00336449864498645
565,금천구,SO2,02,0.0033248502994011977
566,금천구,SO2,03,0.003022972972972973
567,금천구,SO2,04,0.0027849162011173182
568,금천구,SO2,05,0.0025784447476125513
569,금천구,SO2,06,0.00306025824964132
570,금천구,SO2,07,0.0029008152173913048
571,금천구,SO2,08,0.0026888217522658612
572,금천구,SO2,09,0.0024643377001455605
573,금천구,SO2,10,0.003307171853856563
574,금천구,SO2,11,0.00425977653631285
575,금천구,SO2,12,0.004075778078484438
576,노원구,CO,01,0.6742547425474255
577,노원구,CO,02,0.6526946107784432
578,노원구,CO,03,0.5940217391304348
579,노원구,CO,04,0.43919107391910733
580,노원구,CO,05,0.4193504736129905
581,노원구,CO,06,0.41913407821229054
582,노원구,CO,07,0.34408163265306124
583,노원구,CO,08,0.37184873949579833
584,노원구,CO,09,0.3549418604651163
585,노원구,CO,10,0.45337837837837835
586,노원구,CO,11,0.6131101813110181
587,노원구,CO,12,0.6355886332882273
588,노원구,NO2,01,0.030337398373983738
589,노원구,NO2,02,0.03129640718562874
590,노원구,NO2,03,0.029
591,노원구,NO2,04,0.02111018131101813
592,노원구,NO2,05,0.01806495263870095
593,노원구,NO2,06,0.015576815642458101
594,노원구,NO2,07,0.014344217687074829
595,노원구,NO2,08,0.012963585434173669
596,노원구,NO2,09,0.012517441860465117
597,노원구,NO2,10,0.02157972972972973
598,노원구,NO2,11,0.03011994421199442
599,노원구,NO2,12,0.029250338294993232
600,노원구,O3,01,0.01649051490514905
601,노원구,O3,02,0.02308682634730539
602,노원구,O3,03,0.026812500000000003
603,노원구,O3,04,0.03709344490934449
604,노원구,O3,05,0.034838971583220565
605,노원구,O3,06,0.041002793296089385
606,노원구,O3,07,0.03640408163265306
607,노원구,O3,08,0.033210084033613446
608,노원구,O3,09,0.03170203488372093
609,노원구,O3,10,0.02169241192411924
610,노원구,O3,11,0.018482566248256626
611,노원구,O3,12,0.014303112313937754
612,노원구,PM10,01,0.04116071428571429
613,노원구,PM10,02,0.048607784431137724
614,노원구,PM10,03,0.062321573948439624
615,노원구,PM10,04,0.03939160839160839
616,노원구,PM10,05,0.056769647696476966
617,노원구,PM10,06,0.029504201680672266
618,노원구,PM10,07,0.022779753761969907
619,노원구,PM10,08,0.021356534090909093
620,노원구,PM10,09,0.01480839160839161
621,노원구,PM10,10,0.027356368563685635
622,노원구,PM10,11,0.04611592178770949
623,노원구,PM10,12,0.04071794871794872
624,노원구,PM2.5,01,0.024837653478854024
625,노원구,PM2.5,02,0.030910044977511247
626,노원구,PM2.5,03,0.029959239130434783
627,노원구,PM2.5,04,0.018590782122905027
628,노원구,PM2.5,05,0.019084239130434784
629,노원구,PM2.5,06,0.0186507713884993
630,노원구,PM2.5,07,0.015990264255910987
631,노원구,PM2.5,08,0.014847887323943662
632,노원구,PM2.5,09,0.007746853146853147
633,노원구,PM2.5,10,0.014937669376693769
634,노원구,PM2.5,11,0.02920391061452514
635,노원구,PM2.5,12,0.02557258064516129
636,노원구,SO2,01,0.0036124661246612465
637,노원구,SO2,02,0.003627245508982036
638,노원구,SO2,03,0.0030733695652173914
639,노원구,SO2,04,0.002765690376569038
640,노원구,SO2,05,0.0024573748308525036
641,노원구,SO2,06,0.002579608938547486
642,노원구,SO2,07,0.002421768707482993
643,노원구,SO2,08,0.0018697478991596638
644,노원구,SO2,09,0.0019854651162790698
645,노원구,SO2,10,0.002564864864864865
646,노원구,SO2,11,0.0032608089260808925
647,노원구,SO2,12,0.0033775372124492556
648,도봉구,CO,01,0.47547169811320755
649,도봉구,CO,02,0.44716417910447764
650,도봉구,CO,03,0.42452830188679247
651,도봉구,CO,04,0.2958217270194986
652,도봉구,CO,05,0.2898921832884097
653,도봉구,CO,06,0.29763231197771584
654,도봉구,CO,07,0.24211956521739134
655,도봉구,CO,08,0.39485094850948504
656,도봉구,CO,09,0.4172876304023845
657,도봉구,CO,10,0.46062992125984253
658,도봉구,CO,11,0.5951334379905809
659,도봉구,CO,12,0.670253164556962
660,도봉구,NO2,01,0.02452021563342318
661,도봉구,NO2,02,0.023529850746268656
662,도봉구,NO2,03,0.02272506738544474
663,도봉구,NO2,04,0.01511142061281337
664,도봉구,NO2,05,0.012327493261455526
665,도봉구,NO2,06,0.01111699164345404
666,도봉구,NO2,07,0.008934871099050204
667,도봉구,NO2,08,0.00965
668,도봉구,NO2,09,0.008832857142857142
669,도봉구,NO2,10,0.01611201079622132
670,도봉구,NO2,11,0.024668523676880223
671,도봉구,NO2,12,0.025466936572199728
672,도봉구,O3,01,0.018382749326145552
673,도봉구,O3,02,0.02590149253731343
674,도봉구,O3,03,0.030840970350404312
675,도봉구,O3,04,0.0405041782729805
676,도봉구,O3,05,0.03817385444743935
677,도봉구,O3,06,0.043284122562674096
678,도봉구,O3,07,0.03699864314789688
679,도봉구,O3,08,0.03106351351351351
680,도봉구,O3,09,0.0285768156424581
681,도봉구,O3,10,0.022058029689608634
682,도봉구,O3,11,0.02034401114206128
683,도봉구,O3,12,0.015933873144399462
684,도봉구,PM10,01,0.03313722627737226
685,도봉구,PM10,02,0.04117384615384616
686,도봉구,PM10,03,0.06072637517630466
687,도봉구,PM10,04,0.04112236286919831
688,도봉구,PM10,05,0.05886504723346828
689,도봉구,PM10,06,0.031935754189944134
690,도봉구,PM10,07,0.02348700410396717
691,도봉구,PM10,08,0.021990527740189447
692,도봉구,PM10,09,0.01588826815642458
693,도봉구,PM10,10,0.026908232118758434
694,도봉구,PM10,11,0.04641922005571031
695,도봉구,PM10,12,0.039982408660351826
696,도봉구,PM2.5,01,0.020483176312247647
697,도봉구,PM2.5,02,0.027772113943028486
698,도봉구,PM2.5,03,0.03061299052774019
699,도봉구,PM2.5,04,0.017489539748953977
700,도봉구,PM2.5,05,0.02011590296495957
701,도봉구,PM2.5,06,0.015335664335664335
702,도봉구,PM2.5,07,0.010585266030013644
703,도봉구,PM2.5,08,0.009175033921302578
704,도봉구,PM2.5,09,0.004930167597765363
705,도봉구,PM2.5,10,0.012330188679245284
706,도봉구,PM2.5,11,0.027699164345403902
707,도봉구,PM2.5,12,0.023487144790257104
708,도봉구,SO2,01,0.0022183288409703505
709,도봉구,SO2,02,0.0028611940298507465
710,도봉구,SO2,03,0.0031078167115902965
711,도봉구,SO2,04,0.003210306406685237
712,도봉구,SO2,05,0.0026630727762803233
713,도봉구,SO2,06,0.0031350974930362116
714,도봉구,SO2,07,0.0029755766621438265
715,도봉구,SO2,08,0.0026972972972972974
716,도봉구,SO2,09,0.002011173184357542
717,도봉구,SO2,10,0.0026021505376344085
718,도봉구,SO2,11,0.003
719,도봉구,SO2,12,0.0023832658569500676
720,동대문구,CO,01,0.6337001375515818
721,동대문구,CO,02,0.5885885885885885
722,동대문구,CO,03,0.5554054054054054
723,동대문구,CO,04,0.38701117318435757
724,동대문구,CO,05,0.37638326585695003
725,동대문구,CO,06,0.3789106145251397
726,동대문구,CO,07,0.30611413043478264
727,동대문구,CO,08,0.33594594594594596
728,동대문구,CO,09,0.32609308885754584
729,동대문구,CO,10,0.4068723702664797
730,동대문구,CO,11,0.5673640167364017
731,동대문구,CO,12,0.5639118457300275
732,동대문구,NO2,01,0.03437212449255751
733,동대문구,NO2,02,0.03271921921921922
734,동대문구,NO2,03,0.03355405405405405
735,동대문구,NO2,04,0.023226256983240223
736,동대문구,NO2,05,0.021025641025641025
737,동대문구,NO2,06,0.019093575418994414
738,동대문구,NO2,07,0.016456521739130436
739,동대문구,NO2,08,0.016085135135135136
740,동대문구,NO2,09,0.015489421720733426
741,동대문구,NO2,10,0.024009817671809257
742,동대문구,NO2,11,0.03210739191073919
743,동대문구,NO2,12,0.03143978349120433
744,동대문구,O3,01,0.014778078484438429
745,동대문구,O3,02,0.022108108108108107
746,동대문구,O3,03,0.025177027027027028
747,동대문구,O3,04,0.038043296089385475
748,동대문구,O3,05,0.035337381916329284
749,동대문구,O3,06,0.04332531824611033
750,동대문구,O3,07,0.04058559782608696
751,동대문구,O3,08,0.03568243243243244
752,동대문구,O3,09,0.03179830747531735
753,동대문구,O3,10,0.02352314165497896
754,동대문구,O3,11,0.018786610878661087
755,동대문구,O3,12,0.014503382949932342
756,동대문구,PM10,01,0.03452581521739131
757,동대문구,PM10,02,0.046732732732732735
758,동대문구,PM10,03,0.06484146341463415
759,동대문구,PM10,04,0.040827731092436974
760,동대문구,PM10,05,0.06252137931034484
761,동대문구,PM10,06,0.03454965034965035
762,동대문구,PM10,07,0.023884353741496597
763,동대문구,PM10,08,0.021420270270270273
764,동대문구,PM10,09,0.014112994350282487
765,동대문구,PM10,10,0.026752461322081575
766,동대문구,PM10,11,0.04486013986013986
767,동대문구,PM10,12,0.038932341001353184
768,동대문구,PM2.5,01,0.02131529093369418
769,동대문구,PM2.5,02,0.02714114114114114
770,동대문구,PM2.5,03,0.027910931174089073
771,동대문구,PM2.5,04,0.016472067039106145
772,동대문구,PM2.5,05,0.017476775956284156
773,동대문구,PM2.5,06,0.019381284916201117
774,동대문구,PM2.5,07,0.016755043227665706
775,동대문구,PM2.5,08,0.013572972972972974
776,동대문구,PM2.5,09,0.006758815232722143
777,동대문구,PM2.5,10,0.013563994374120956
778,동대문구,PM2.5,11,0.029281729428172944
779,동대문구,PM2.5,12,0.027288858321870703
780,동대문구,SO2,01,0.0035629228687415427
781,동대문구,SO2,02,0.003493993993993994
782,동대문구,SO2,03,0.0029459459459459463
783,동대문구,SO2,04,0.002759776536312849
784,동대문구,SO2,05,0.002445344129554656
785,동대문구,SO2,06,0.0027374301675977654
786,동대문구,SO2,07,0.002610054347826087
787,동대문구,SO2,08,0.002556756756756757
788,동대문구,SO2,09,0.002510578279266573
789,동대문구,SO2,10,0.0027601683029453016
790,동대문구,SO2,11,0.0030223152022315204
791,동대문구,SO2,12,0.002786197564276049
792,동작구,CO,01,0.544054054054054
793,동작구,CO,02,0.5148425787106446
794,동작구,CO,03,0.5041891891891892
795,동작구,CO,04,0.36662011173184356
796,동작구,CO,05,0.3529810298102981
797,동작구,CO,06,0.37034965034965034
798,동작구,CO,07,0.2941813261163735
799,동작구,CO,08,0.32878581173260574
800,동작구,CO,09,0.3206695778748181
801,동작구,CO,10,0.3936400541271989
802,동작구,CO,11,0.526536312849162
803,동작구,CO,12,0.5777027027027027
804,동작구,NO2,01,0.034066216216216215
805,동작구,NO2,02,0.030350824587706146
806,동작구,NO2,03,0.03315
807,동작구,NO2,04,0.022569832402234636
808,동작구,NO2,05,0.01816260162601626
809,동작구,NO2,06,0.017255944055944054
810,동작구,NO2,07,0.015032476319350474
811,동작구,NO2,08,0.014854223433242508
812,동작구,NO2,09,0.01467976710334789
813,동작구,NO2,10,0.022936227951153323
814,동작구,NO2,11,0.031783519553072626
815,동작구,NO2,12,0.03595135135135135
816,동작구,O3,01,0.01432027027027027
817,동작구,O3,02,0.022644677661169413
818,동작구,O3,03,0.0250027027027027
819,동작구,O3,04,0.03813268156424581
820,동작구,O3,05,0.03750406504065041
821,동작구,O3,06,0.03985314685314686
822,동작구,O3,07,0.03361194029850746
823,동작구,O3,08,0.029407103825136612
824,동작구,O3,09,0.028551673944687044
825,동작구,O3,10,0.02195805142083897
826,동작구,O3,11,0.020347765363128493
827,동작구,O3,12,0.01407027027027027
828,동작구,PM10,01,0.040376210235131396
829,동작구,PM10,02,0.05136802413273002
830,동작구,PM10,03,0.06912178619756428
831,동작구,PM10,04,0.04403098591549296
832,동작구,PM10,05,0.063760989010989
833,동작구,PM10,06,0.035828410689170184
834,동작구,PM10,07,0.027268656716417913
835,동작구,PM10,08,0.024519781718963164
836,동작구,PM10,09,0.016732456140350876
837,동작구,PM10,10,0.029055630936227952
838,동작구,PM10,11,0.04704494382022472
839,동작구,PM10,12,0.04298790322580645
840,동작구,PM2.5,01,0.02353342428376535
841,동작구,PM2.5,02,0.03244108761329305
842,동작구,PM2.5,03,0.03434506089309878
843,동작구,PM2.5,04,0.018606442577030813
844,동작구,PM2.5,05,0.022136856368563686
845,동작구,PM2.5,06,0.020126760563380284
846,동작구,PM2.5,07,0.015128900949796473
847,동작구,PM2.5,08,0.013141689373297004
848,동작구,PM2.5,09,0.00786574074074074
849,동작구,PM2.5,10,0.013289009497964722
850,동작구,PM2.5,11,0.026533707865168538
851,동작구,PM2.5,12,0.02500807537012113
852,동작구,SO2,01,0.0030391891891891894
853,동작구,SO2,02,0.002952023988005997
854,동작구,SO2,03,0.0027351351351351354
855,동작구,SO2,04,0.002717877094972067
856,동작구,SO2,05,0.002570460704607046
857,동작구,SO2,06,0.002695104895104895
858,동작구,SO2,07,0.0027082767978290367
859,동작구,SO2,08,0.002614441416893733
860,동작구,SO2,09,0.0022343522561863176
861,동작구,SO2,10,0.002476319350473613
862,동작구,SO2,11,0.002931564245810056
863,동작구,SO2,12,0.0031310810810810815
864,마포구,CO,01,0.6067476383265857
865,마포구,CO,02,0.5806596701649176
866,마포구,CO,03,0.5774324324324325
867,마포구,CO,04,0.3938461538461539
868,마포구,CO,05,0.3746288798920378
869,마포구,CO,06,0.39186535764375874
870,마포구,CO,07,0.31698369565217394
871,마포구,CO,08,0.3388888888888889
872,마포구,CO,09,0.32784810126582276
873,마포구,CO,10,0.41678420310296194
874,마포구,CO,11,0.5586255259467041
875,마포구,CO,12,0.5702849389416553
876,마포구,NO2,01,0.035788124156545205
877,마포구,NO2,02,0.03422488755622189
878,마포구,NO2,03,0.03831891891891892
879,마포구,NO2,04,0.025327272727272726
880,마포구,NO2,05,0.023244264507422403
881,마포구,NO2,06,0.021873417721518986
882,마포구,NO2,07,0.01863451086956522
883,마포구,NO2,08,0.016845528455284555
884,마포구,NO2,09,0.015587904360056259
885,마포구,NO2,10,0.026390691114245413
886,마포구,NO2,11,0.036600280504908836
887,마포구,NO2,12,0.03529308005427408
888,마포구,O3,01,0.012097165991902834
889,마포구,O3,02,0.018749625187406298
890,마포구,O3,03,0.021525675675675676
891,마포구,O3,04,0.033327272727272726
892,마포구,O3,05,0.032139001349527664
893,마포구,O3,06,0.03857082748948107
894,마포구,O3,07,0.03920652173913044
895,마포구,O3,08,0.034077235772357724
896,마포구,O3,09,0.03370182841068917
897,마포구,O3,10,0.024119887165021156
898,마포구,O3,11,0.017514285714285715
899,마포구,O3,12,0.013632293080054274
900,마포구,PM10,01,0.033312849162011174
901,마포구,PM10,02,0.044234493192133136
902,마포구,PM10,03,0.062062415196743555
903,마포구,PM10,04,0.03896918767507003
904,마포구,PM10,05,0.05644097693351425
905,마포구,PM10,06,0.031116901408450703
906,마포구,PM10,07,0.024228142076502732
907,마포구,PM10,08,0.02116010854816825
908,마포구,PM10,09,0.014988684582743989
909,마포구,PM10,10,0.026853693181818183
910,마포구,PM10,11,0.040990182328190745
911,마포구,PM10,12,0.03321584699453552
912,마포구,PM2.5,01,0.020189445196211096
913,마포구,PM2.5,02,0.02989655172413793
914,마포구,PM2.5,03,0.03177266576454669
915,마포구,PM2.5,04,0.017932773109243696
916,마포구,PM2.5,05,0.0177
917,마포구,PM2.5,06,0.018992957746478873
918,마포구,PM2.5,07,0.014224657534246576
919,마포구,PM2.5,08,0.011895663956639567
920,마포구,PM2.5,09,0.006777464788732395
921,마포구,PM2.5,10,0.012610719322990127
922,마포구,PM2.5,11,0.025157524613220815
923,마포구,PM2.5,12,0.02145492371705964
924,마포구,SO2,01,0.0033130904183535765
925,마포구,SO2,02,0.0033043478260869567
926,마포구,SO2,03,0.003102702702702703
927,마포구,SO2,04,0.0029199438202247192
928,마포구,SO2,05,0.002805668016194332
929,마포구,SO2,06,0.0030364656381486675
930,마포구,SO2,07,0.0028247282608695654
931,마포구,SO2,08,0.0026395663956639568
932,마포구,SO2,09,0.0023769338959212377
933,마포구,SO2,10,0.00270098730606488
934,마포구,SO2,11,0.0032692847124824683
935,마포구,SO2,12,0.003170963364993216
936,서대문구,CO,01,0.6504065040650406
937,서대문구,CO,02,0.6523952095808383
938,서대문구,CO,03,0.6567385444743935
939,서대문구,CO,04,0.4949860724233983
940,서대문구,CO,05,0.48933873144399465
941,서대문구,CO,06,0.4337988826815643
942,서대문구,CO,07,0.31775067750677505
943,서대문구,CO,08,0.3742155525238745
944,서대문구,CO,09,0.33781512605042013
945,서대문구,CO,10,0.46750348675034864
946,서대문구,CO,11,0.7140252454417952
947,서대문구,CO,12,0.6515912897822446
948,서대문구,NO2,01,0.026794037940379406
949,서대문구,NO2,02,0.0261062874251497
950,서대문구,NO2,03,0.025397574123989217
951,서대문구,NO2,04,0.016522284122562673
952,서대문구,NO2,05,0.014130904183535763
953,서대문구,NO2,06,0.013304469273743017
954,서대문구,NO2,07,0.01102032520325203
955,서대문구,NO2,08,0.009211459754433833
956,서대문구,NO2,09,0.007644257703081233
957,서대문구,NO2,10,0.014015068493150686
958,서대문구,NO2,11,0.02287517531556802
959,서대문구,NO2,12,0.025772913816689468
960,서대문구,O3,01,0.01692140921409214
961,서대문구,O3,02,0.023347305389221557
962,서대문구,O3,03,0.027536388140161724
963,서대문구,O3,04,0.04022408963585434
964,서대문구,O3,05,0.038860998650472336
965,서대문구,O3,06,0.04392167832167832
966,서대문구,O3,07,0.038733062330623305
967,서대문구,O3,08,0.03242428376534789
968,서대문구,O3,09,0.0315140056022409
969,서대문구,O3,10,0.02375034293552812
970,서대문구,O3,11,0.018258064516129033
971,서대문구,O3,12,0.013633378932968536
972,서대문구,PM10,01,0.032041139240506326
973,서대문구,PM10,02,0.04196214511041009
974,서대문구,PM10,03,0.06554490106544901
975,서대문구,PM10,04,0.03786417910447761
976,서대문구,PM10,05,0.05953218210361068
977,서대문구,PM10,06,0.02844331395348837
978,서대문구,PM10,07,0.017343843843843843
979,서대문구,PM10,08,0.020203626220362623
980,서대문구,PM10,09,0.010920118343195267
981,서대문구,PM10,10,0.024439499304589708
982,서대문구,PM10,11,0.04280281690140845
983,서대문구,PM10,12,0.036212976022567
984,서대문구,PM2.5,01,0.02059618008185539
985,서대문구,PM2.5,02,0.03012293853073463
986,서대문구,PM2.5,03,0.03499018232819075
987,서대문구,PM2.5,04,0.019801675977653633
988,서대문구,PM2.5,05,0.02369688768606225
989,서대문구,PM2.5,06,0.015811614730878186
990,서대문구,PM2.5,07,0.013542119565217392
991,서대문구,PM2.5,08,0.010978052126200274
992,서대문구,PM2.5,09,0.006137339055793991
993,서대문구,PM2.5,10,0.011093150684931509
994,서대문구,PM2.5,11,0.028322535211267607
995,서대문구,PM2.5,12,0.024395774647887326
996,서대문구,SO2,01,0.005501355013550135
997,서대문구,SO2,02,0.005411144578313253
998,서대문구,SO2,03,0.004925876010781672
999,서대문구,SO2,04,0.0043844011142061285
1000,서대문구,SO2,05,0.00392442645074224
1001,서대문구,SO2,06,0.0037513966480446927
1002,서대문구,SO2,07,0.003533875338753388
1003,서대문구,SO2,08,0.003281036834924966
1004,서대문구,SO2,09,0.0027212885154061627
1005,서대문구,SO2,10,0.0031794520547945206
1006,서대문구,SO2,11,0.004720963172804533
1007,서대문구,SO2,12,0.003768049155145929
1008,서초구,CO,01,0.441644204851752
1009,서초구,CO,02,0.4347761194029851
1010,서초구,CO,03,0.44702702702702707
1011,서초구,CO,04,0.3308228730822873
1012,서초구,CO,05,0.3574898785425101
1013,서초구,CO,06,0.4148459383753501
1014,서초구,CO,07,0.45209176788124156
1015,서초구,CO,08,0.42435723951285526
1016,서초구,CO,09,0.36401673640167365
1017,서초구,CO,10,0.43369272237196765
1018,서초구,CO,11,0.45654596100278555
1019,서초구,CO,12,0.505
1020,서초구,NO2,01,0.03277792915531335
1021,서초구,NO2,02,0.030667164179104478
1022,서초구,NO2,03,0.03298156028368794
1023,서초구,NO2,04,0.023616863905325445
1024,서초구,NO2,05,0.021727963525835867
1025,서초구,NO2,06,0.023188427299703263
1026,서초구,NO2,07,0.019970310391363023
1027,서초구,NO2,08,0.017671195652173913
1028,서초구,NO2,09,0.015430962343096235
1029,서초구,NO2,10,0.024227752639517344
1030,서초구,NO2,11,0.03151654676258993
1031,서초구,NO2,12,0.031106756756756754
1032,서초구,O3,01,0.015002702702702703
1033,서초구,O3,02,0.022665671641791046
1034,서초구,O3,03,0.02463648648648649
1035,서초구,O3,04,0.03717762237762238
1036,서초구,O3,05,0.03515519568151147
1037,서초구,O3,06,0.03951680672268908
1038,서초구,O3,07,0.03708906882591093
1039,서초구,O3,08,0.03412584573748308
1040,서초구,O3,09,0.03096234309623431
1041,서초구,O3,10,0.022684636118598382
1042,서초구,O3,11,0.018787709497206703
1043,서초구,O3,12,0.015452702702702704
1044,서초구,PM10,01,0.039950071326676176
1045,서초구,PM10,02,0.052250000000000005
1046,서초구,PM10,03,0.07461357340720222
1047,서초구,PM10,04,0.04998314606741573
1048,서초구,PM10,05,0.06898907103825136
1049,서초구,PM10,06,0.03666900420757363
1050,서초구,PM10,07,0.024036535859269285
1051,서초구,PM10,08,0.01886084583901774
1052,서초구,PM10,09,0.011980446927374301
1053,서초구,PM10,10,0.02439047619047619
1054,서초구,PM10,11,0.043606276747503565
1055,서초구,PM10,12,0.036107776261937244
1056,서초구,PM2.5,01,0.020371148459383752
1057,서초구,PM2.5,02,0.030794520547945205
1058,서초구,PM2.5,03,0.03824184782608696
1059,서초구,PM2.5,04,0.020820224719101124
1060,서초구,PM2.5,05,0.021527740189445196
1061,서초구,PM2.5,06,0.016717329545454546
1062,서초구,PM2.5,07,0.01121951219512195
1063,서초구,PM2.5,08,0.01056987788331072
1064,서초구,PM2.5,09,0.005075208913649025
1065,서초구,PM2.5,10,0.012492537313432837
1066,서초구,PM2.5,11,0.02894803370786517
1067,서초구,PM2.5,12,0.02331621621621622
1068,서초구,SO2,01,0.003609164420485175
1069,서초구,SO2,02,0.0035716417910447765
1070,서초구,SO2,03,0.0032283783783783786
1071,서초구,SO2,04,0.003853146853146853
1072,서초구,SO2,05,0.003503373819163293
1073,서초구,SO2,06,0.003551336146272855
1074,서초구,SO2,07,0.003452445652173913
1075,서초구,SO2,08,0.0029472259810554803
1076,서초구,SO2,09,0.002463687150837989
1077,서초구,SO2,10,0.002791105121293801
1078,서초구,SO2,11,0.002946927374301676
1079,서초구,SO2,12,0.0032864864864864864
1080,성동구,CO,01,0.594708276797829
1081,성동구,CO,02,0.5666167664670658
1082,성동구,CO,03,0.5503382949932341
1083,성동구,CO,04,0.38483960948396095
1084,성동구,CO,05,0.389054054054054
1085,성동구,CO,06,0.4138461538461538
1086,성동구,CO,07,0.3462787550744249
1087,성동구,CO,08,0.3591093117408907
1088,성동구,CO,09,0.3153846153846154
1089,성동구,CO,10,0.3908108108108108
1090,성동구,CO,11,0.5338461538461539
1091,성동구,CO,12,0.5388586956521739
1092,성동구,NO2,01,0.03309485094850948
1093,성동구,NO2,02,0.033145209580838324
1094,성동구,NO2,03,0.03808130081300813
1095,성동구,NO2,04,0.026635983263598326
1096,성동구,NO2,05,0.022968918918918918
1097,성동구,NO2,06,0.020643356643356644
1098,성동구,NO2,07,0.020408660351826795
1099,성동구,NO2,08,0.017781376518218622
1100,성동구,NO2,09,0.016465734265734264
1101,성동구,NO2,10,0.02819324324324324
1102,성동구,NO2,11,0.03537202797202797
1103,성동구,NO2,12,0.033290760869565214
1104,성동구,O3,01,0.017244444444444444
1105,성동구,O3,02,0.02420658682634731
1106,성동구,O3,03,0.028009472259810556
1107,성동구,O3,04,0.043324965132496514
1108,성동구,O3,05,0.04271756756756757
1109,성동구,O3,06,0.04336643356643357
1110,성동구,O3,07,0.039446549391069015
1111,성동구,O3,08,0.03495411605937922
1112,성동구,O3,09,0.03421818181818182
1113,성동구,O3,10,0.02292151556156969
1114,성동구,O3,11,0.0172965034965035
1115,성동구,O3,12,0.013033967391304347
1116,성동구,PM10,01,0.03423744911804613
1117,성동구,PM10,02,0.045333832335329345
1118,성동구,PM10,03,0.0681864406779661
1119,성동구,PM10,04,0.03908379888268157
1120,성동구,PM10,05,0.059140161725067385
1121,성동구,PM10,06,0.03141316526610644
1122,성동구,PM10,07,0.023429740791268756
1123,성동구,PM10,08,0.02111788617886179
1124,성동구,PM10,09,0.015244755244755246
1125,성동구,PM10,10,0.02823109243697479
1126,성동구,PM10,11,0.04699163179916318
1127,성동구,PM10,12,0.040164625850340134
1128,성동구,PM2.5,01,0.020523035230352305
1129,성동구,PM2.5,02,0.027708520179372195
1130,성동구,PM2.5,03,0.03408988764044944
1131,성동구,PM2.5,04,0.019625570776255707
1132,성동구,PM2.5,05,0.01867654986522911
1133,성동구,PM2.5,06,0.020812587412587413
1134,성동구,PM2.5,07,0.016953929539295393
1135,성동구,PM2.5,08,0.013476319350473612
1136,성동구,PM2.5,09,0.006154277699859747
1137,성동구,PM2.5,10,0.011155027932960894
1138,성동구,PM2.5,11,0.022181311018131103
1139,성동구,PM2.5,12,0.018221768707482995
1140,성동구,SO2,01,0.0034159891598915986
1141,성동구,SO2,02,0.0031706586826347302
1142,성동구,SO2,03,0.002943012211668928
1143,성동구,SO2,04,0.0030585774058577405
1144,성동구,SO2,05,0.0028581081081081082
1145,성동구,SO2,06,0.0031454545454545455
1146,성동구,SO2,07,0.0028768606224627872
1147,성동구,SO2,08,0.0032753036437246966
1148,성동구,SO2,09,0.0030797202797202797
1149,성동구,SO2,10,0.003464864864864865
1150,성동구,SO2,11,0.003697183098591549
1151,성동구,SO2,12,0.003152173913043478
1152,성북구,CO,01,0.6875
1153,성북구,CO,02,0.5869760479041917
1154,성북구,CO,03,0.6734567901234568
1155,성북구,CO,04,0.48014354066985643
1156,성북구,CO,05,0.4288184438040346
1157,성북구,CO,06,0.5614457831325301
1158,성북구,CO,07,0.4673469387755102
1159,성북구,CO,08,0.48034482758620695
1160,성북구,CO,09,0.4393258426966292
1161,성북구,CO,10,0.47978560490045946
1162,성북구,CO,11,0.625
1163,성북구,CO,12,0.6198648648648648
1164,성북구,NO2,01,0.032406756756756756
1165,성북구,NO2,02,0.03195808383233533
1166,성북구,NO2,03,0.03322837837837837
1167,성북구,NO2,04,0.025474198047419804
1168,성북구,NO2,05,0.020739541160593792
1169,성북구,NO2,06,0.01941759776536313
1170,성북구,NO2,07,0.017639676113360325
1171,성북구,NO2,08,0.015912162162162163
1172,성북구,NO2,09,0.016679530201342285
1173,성북구,NO2,10,0.025292847503373822
1174,성북구,NO2,11,0.03390502793296089
1175,성북구,NO2,12,0.033717567567567566
1176,성북구,O3,01,0.012974324324324325
1177,성북구,O3,02,0.018580838323353294
1178,성북구,O3,03,0.02132702702702703
1179,성북구,O3,04,0.03303207810320781
1180,성북구,O3,05,0.03608906882591093
1181,성북구,O3,06,0.0426951048951049
1182,성북구,O3,07,0.03867341430499325
1183,성북구,O3,08,0.03337972972972973
1184,성북구,O3,09,0.029666666666666668
1185,성북구,O3,10,0.021176788124156545
1186,성북구,O3,11,0.01795530726256983
1187,성북구,O3,12,0.013947297297297297
1188,성북구,PM10,01,0.03655857142857143
1189,성북구,PM10,02,0.048766917293233084
1190,성북구,PM10,03,0.06697953615279673
1191,성북구,PM10,04,0.045307801418439715
1192,성북구,PM10,05,0.06382417582417582
1193,성북구,PM10,06,0.034401398601398604
1194,성북구,PM10,07,0.023853625170998635
1195,성북구,PM10,08,0.020127891156462584
1196,성북구,PM10,09,0.01343298969072165
1197,성북구,PM10,10,0.026271989174560216
1198,성북구,PM10,11,0.0488932178932179
1199,성북구,PM10,12,0.036327469553450606
1200,성북구,PM2.5,01,0.019115961800818555
1201,성북구,PM2.5,02,0.02616119402985075
1202,성북구,PM2.5,03,0.028512228260869566
1203,성북구,PM2.5,04,0.01679050279329609
1204,성북구,PM2.5,05,0.021056010928961748
1205,성북구,PM2.5,06,0.016324858757062147
1206,성북구,PM2.5,07,0.012031900138696256
1207,성북구,PM2.5,08,0.010402439024390244
1208,성북구,PM2.5,09,0.00560522496371553
1209,성북구,PM2.5,10,0.011973009446693657
1210,성북구,PM2.5,11,0.024368495077355837
1211,성북구,PM2.5,12,0.020524966261808365
1212,성북구,SO2,01,0.0035635135135135133
1213,성북구,SO2,02,0.003410179640718563
1214,성북구,SO2,03,0.003031081081081081
1215,성북구,SO2,04,0.00303068340306834
1216,성북구,SO2,05,0.002825910931174089
1217,성북구,SO2,06,0.0025782122905027936
1218,성북구,SO2,07,0.0024237516869095818
1219,성북구,SO2,08,0.003008108108108108
1220,성북구,SO2,09,0.002468181818181818
1221,성북구,SO2,10,0.003095816464237517
1222,성북구,SO2,11,0.0034148044692737427
1223,성북구,SO2,12,0.003009459459459459
1224,송파구,CO,01,0.6145945945945946
1225,송파구,CO,02,0.5862686567164179
1226,송파구,CO,03,0.5684210526315789
1227,송파구,CO,04,0.44539106145251395
1228,송파구,CO,05,0.42743243243243245
1229,송파구,CO,06,0.4467132867132867
1230,송파구,CO,07,0.36084010840108405
1231,송파구,CO,08,0.392972972972973
1232,송파구,CO,09,0.38449720670391063
1233,송파구,CO,10,0.47588555858310627
1234,송파구,CO,11,0.5906424581005586
1235,송파구,CO,12,0.6143437077131259
1236,송파구,NO2,01,0.03459594594594594
1237,송파구,NO2,02,0.0339044776119403
1238,송파구,NO2,03,0.03624831309041835
1239,송파구,NO2,04,0.026673184357541898
1240,송파구,NO2,05,0.022079729729729727
1241,송파구,NO2,06,0.02179971988795518
1242,송파구,NO2,07,0.018242547425474254
1243,송파구,NO2,08,0.01706891891891892
1244,송파구,NO2,09,0.016523743016759775
1245,송파구,NO2,10,0.02673877551020408
1246,송파구,NO2,11,0.035189944134078215
1247,송파구,NO2,12,0.034227334235453315
1248,송파구,O3,01,0.014751014884979702
1249,송파구,O3,02,0.022722388059701493
1250,송파구,O3,03,0.026692307692307692
1251,송파구,O3,04,0.040456703910614525
1252,송파구,O3,05,0.0360054054054054
1253,송파구,O3,06,0.042146853146853146
1254,송파구,O3,07,0.03866395663956639
1255,송파구,O3,08,0.03438024357239513
1256,송파구,O3,09,0.030675977653631285
1257,송파구,O3,10,0.02153605442176871
1258,송파구,O3,11,0.015512569832402234
1259,송파구,O3,12,0.012075778078484438
1260,송파구,PM10,01,0.03321359223300971
1261,송파구,PM10,02,0.04358920539730135
1262,송파구,PM10,03,0.06260161507402422
1263,송파구,PM10,04,0.04128811188811189
1264,송파구,PM10,05,0.05973605442176871
1265,송파구,PM10,06,0.03287132867132867
1266,송파구,PM10,07,0.025154371584699454
1267,송파구,PM10,08,0.023110204081632654
1268,송파구,PM10,09,0.015780281690140847
1269,송파구,PM10,10,0.028812233285917494
1270,송파구,PM10,11,0.04448876404494382
1271,송파구,PM10,12,0.03758653846153846
1272,송파구,PM2.5,01,0.019111261872455904
1273,송파구,PM2.5,02,0.02588770864946889
1274,송파구,PM2.5,03,0.028754032258064516
1275,송파구,PM2.5,04,0.018194950911640955
1276,송파구,PM2.5,05,0.020077131258457375
1277,송파구,PM2.5,06,0.020197755960729313
1278,송파구,PM2.5,07,0.015472067039106146
1279,송파구,PM2.5,08,0.013177989130434782
1280,송파구,PM2.5,09,0.007387640449438202
1281,송파구,PM2.5,10,0.014363766048502142
1282,송파구,PM2.5,11,0.025060393258426968
1283,송파구,PM2.5,12,0.02152544704264099
1284,송파구,SO2,01,0.0037396280400572245
1285,송파구,SO2,02,0.0036752827140549274
1286,송파구,SO2,03,0.003500674763832658
1287,송파구,SO2,04,0.0030184135977337112
1288,송파구,SO2,05,0.002639189189189189
1289,송파구,SO2,06,0.002840559440559441
1290,송파구,SO2,07,0.0027100271002710027
1291,송파구,SO2,08,0.002417567567567568
1292,송파구,SO2,09,0.0022737430167597767
1293,송파구,SO2,10,0.0028612244897959186
1294,송파구,SO2,11,0.0033770949720670395
1295,송파구,SO2,12,0.0035372124492557507
1296,양천구,CO,01,0.6294594594594595
1297,양천구,CO,02,0.5980538922155688
1298,양천구,CO,03,0.572972972972973
1299,양천구,CO,04,0.42220670391061454
1300,양천구,CO,05,0.4113513513513513
1301,양천구,CO,06,0.42611731843575423
1302,양천구,CO,07,0.3509485094850949
1303,양천구,CO,08,0.38138222849083214
1304,양천구,CO,09,0.3713286713286713
1305,양천구,CO,10,0.4540540540540541
1306,양천구,CO,11,0.6022408963585434
1307,양천구,CO,12,0.6427604871447903
1308,양천구,NO2,01,0.03504189189189189
1309,양천구,NO2,02,0.03290868263473054
1310,양천구,NO2,03,0.035094594594594596
1311,양천구,NO2,04,0.02377513966480447
1312,양천구,NO2,05,0.019895945945945948
1313,양천구,NO2,06,0.019004189944134078
1314,양천구,NO2,07,0.01570460704607046
1315,양천구,NO2,08,0.0156262341325811
1316,양천구,NO2,09,0.015886713286713285
1317,양천구,NO2,10,0.025635135135135132
1318,양천구,NO2,11,0.03449159663865546
1319,양천구,NO2,12,0.033391069012178615
1320,양천구,O3,01,0.013214864864864865
1321,양천구,O3,02,0.020167664670658683
1322,양천구,O3,03,0.023835135135135136
1323,양천구,O3,04,0.03621927374301676
1324,양천구,O3,05,0.03519864864864865
1325,양천구,O3,06,0.03931284916201117
1326,양천구,O3,07,0.03955826558265583
1327,양천구,O3,08,0.03413258110014104
1328,양천구,O3,09,0.031654545454545456
1329,양천구,O3,10,0.022075675675675675
1330,양천구,O3,11,0.017452380952380952
1331,양천구,O3,12,0.01174830852503383
1332,양천구,PM10,01,0.041255405405405406
1333,양천구,PM10,02,0.05341229385307346
1334,양천구,PM10,03,0.07327777777777778
1335,양천구,PM10,04,0.04375393419170243
1336,양천구,PM10,05,0.06116076294277929
1337,양천구,PM10,06,0.03386470588235294
1338,양천구,PM10,07,0.025780172413793104
1339,양천구,PM10,08,0.022579689703808182
1340,양천구,PM10,09,0.016485915492957748
1341,양천구,PM10,10,0.029520974289580514
1342,양천구,PM10,11,0.04665168539325843
1343,양천구,PM10,12,0.04055509641873278
1344,양천구,PM2.5,01,0.02257027027027027
1345,양천구,PM2.5,02,0.03200749625187407
1346,양천구,PM2.5,03,0.03470416666666667
1347,양천구,PM2.5,04,0.018083798882681565
1348,양천구,PM2.5,05,0.019468200270635994
1349,양천구,PM2.5,06,0.019638148667601683
1350,양천구,PM2.5,07,0.016387533875338756
1351,양천구,PM2.5,08,0.01290395480225989
1352,양천구,PM2.5,09,0.008260504201680672
1353,양천구,PM2.5,10,0.01597683923705722
1354,양천구,PM2.5,11,0.02886938202247191
1355,양천구,PM2.5,12,0.026372282608695653
1356,양천구,SO2,01,0.003608108108108108
1357,양천구,SO2,02,0.0035853293413173654
1358,양천구,SO2,03,0.003436486486486487
1359,양천구,SO2,04,0.0031676136363636364
1360,양천구,SO2,05,0.003033783783783784
1361,양천구,SO2,06,0.0034363636363636363
1362,양천구,SO2,07,0.0032560975609756096
1363,양천구,SO2,08,0.0031833568406205927
1364,양천구,SO2,09,0.003537062937062937
1365,양천구,SO2,10,0.004118918918918919
1366,양천구,SO2,11,0.003342696629213483
1367,양천구,SO2,12,0.002637347767253045
1368,영등포구,CO,01,0.6706756756756757
1369,영등포구,CO,02,0.6263473053892216
1370,영등포구,CO,03,0.6335588633288227
1371,영등포구,CO,04,0.4891061452513966
1372,영등포구,CO,05,0.48416779431664414
1373,영등포구,CO,06,0.5122019635343619
1374,영등포구,CO,07,0.44829931972789117
1375,영등포구,CO,08,0.4330623306233063
1376,영등포구,CO,09,0.3547486033519553
1377,영등포구,CO,10,0.4152588555858311
1378,영등포구,CO,11,0.5015988372093023
1379,영등포구,CO,12,0.6141112618724559
1380,영등포구,NO2,01,0.033113513513513514
1381,영등포구,NO2,02,0.03100449101796407
1382,영등포구,NO2,03,0.03608389715832206
1383,영등포구,NO2,04,0.0258463687150838
1384,영등포구,NO2,05,0.02251150202976996
1385,영등포구,NO2,06,0.023259103641456582
1386,영등포구,NO2,07,0.02020135135135135
1387,영등포구,NO2,08,0.017979729729729728
1388,영등포구,NO2,09,0.017013966480446927
1389,영등포구,NO2,10,0.02605313351498638
1390,영등포구,NO2,11,0.03543313953488372
1391,영등포구,NO2,12,0.03319810040705563
1392,영등포구,O3,01,0.01278095238095238
1393,영등포구,O3,02,0.019929640718562874
1394,영등포구,O3,03,0.02208288043478261
1395,영등포구,O3,04,0.03387709497206704
1396,영등포구,O3,05,0.033385656292286875
1397,영등포구,O3,06,0.03944851904090268
1398,영등포구,O3,07,0.04020619946091644
1399,영등포구,O3,08,0.03478378378378378
1400,영등포구,O3,09,0.029307262569832404
1401,영등포구,O3,10,0.02038692098092643
1402,영등포구,O3,11,0.016305232558139534
1403,영등포구,O3,12,0.01217774762550882
1404,영등포구,PM10,01,0.035314363143631435
1405,영등포구,PM10,02,0.04553223388305847
1406,영등포구,PM10,03,0.06592198581560284
1407,영등포구,PM10,04,0.03861818181818182
1408,영등포구,PM10,05,0.05716574585635359
1409,영등포구,PM10,06,0.032708039492242595
1410,영등포구,PM10,07,0.025158536585365855
1411,영등포구,PM10,08,0.022489795918367347
1412,영등포구,PM10,09,0.016055476529160742
1413,영등포구,PM10,10,0.027528688524590162
1414,영등포구,PM10,11,0.046046579330422124
1415,영등포구,PM10,12,0.03805020352781547
1416,영등포구,PM2.5,01,0.020686486486486487
1417,영등포구,PM2.5,02,0.029406296851574212
1418,영등포구,PM2.5,03,0.034012162162162164
1419,영등포구,PM2.5,04,0.017701117318435752
1420,영등포구,PM2.5,05,0.018555405405405404
1421,영등포구,PM2.5,06,0.021664788732394365
1422,영등포구,PM2.5,07,0.017279729729729732
1423,영등포구,PM2.5,08,0.014747282608695653
1424,영등포구,PM2.5,09,0.009021337126600285
1425,영등포구,PM2.5,10,0.01492054794520548
1426,영등포구,PM2.5,11,0.027034883720930235
1427,영등포구,PM2.5,12,0.023644504748982362
1428,영등포구,SO2,01,0.003375675675675676
1429,영등포구,SO2,02,0.0032335329341317367
1430,영등포구,SO2,03,0.0030554803788903923
1431,영등포구,SO2,04,0.002881690140845071
1432,영등포구,SO2,05,0.0023937753721244926
1433,영등포구,SO2,06,0.0029593837535014005
1434,영등포구,SO2,07,0.002781081081081081
1435,영등포구,SO2,08,0.002439189189189189
1436,영등포구,SO2,09,0.0022639664804469275
1437,영등포구,SO2,10,0.002756130790190736
1438,영등포구,SO2,11,0.003594476744186046
1439,영등포구,SO2,12,0.0033948439620081414
1440,용산구,CO,01,0.5204330175913396
1441,용산구,CO,02,0.5076347305389222
1442,용산구,CO,03,0.5062078272604589
1443,용산구,CO,04,0.3881284916201117
1444,용산구,CO,05,0.3806756756756757
1445,용산구,CO,06,0.3557422969187675
1446,용산구,CO,07,0.2794594594594595
1447,용산구,CO,08,0.2952638700947226
1448,용산구,CO,09,0.27430167597765365
1449,용산구,CO,10,0.3360975609756098
1450,용산구,CO,11,0.5120111731843576
1451,용산구,CO,12,0.5294037940379404
1452,용산구,NO2,01,0.02740866035182679
1453,용산구,NO2,02,0.02629041916167665
1454,용산구,NO2,03,0.029283018867924532
1455,용산구,NO2,04,0.020712290502793298
1456,용산구,NO2,05,0.018722972972972974
1457,용산구,NO2,06,0.018602240896358542
1458,용산구,NO2,07,0.017141891891891893
1459,용산구,NO2,08,0.015755074424898513
1460,용산구,NO2,09,0.014247206703910616
1461,용산구,NO2,10,0.020797560975609756
1462,용산구,NO2,11,0.029392458100558662
1463,용산구,NO2,12,0.02894037940379404
1464,용산구,O3,01,0.011646820027063598
1465,용산구,O3,02,0.01770808383233533
1466,용산구,O3,03,0.0200633423180593
1467,용산구,O3,04,0.03038826815642458
1468,용산구,O3,05,0.028705405405405407
1469,용산구,O3,06,0.031593837535014005
1470,용산구,O3,07,0.03408243243243243
1471,용산구,O3,08,0.028274695534506088
1472,용산구,O3,09,0.025840782122905026
1473,용산구,O3,10,0.019665853658536587
1474,용산구,O3,11,0.016487430167597766
1475,용산구,O3,12,0.012203252032520326
1476,용산구,PM10,01,0.04319201228878648
1477,용산구,PM10,02,0.04416275430359938
1478,용산구,PM10,03,0.060367924528301885
1479,용산구,PM10,04,0.039146648044692735
1480,용산구,PM10,05,0.059195945945945946
1481,용산구,PM10,06,0.03105758426966292
1482,용산구,PM10,07,0.023365986394557822
1483,용산구,PM10,08,0.02142506811989101
1484,용산구,PM10,09,0.013743338008415146
1485,용산구,PM10,10,0.022943765281173596
1486,용산구,PM10,11,0.04335434173669468
1487,용산구,PM10,12,0.03820980926430518
1488,용산구,PM2.5,01,0.018685834502103787
1489,용산구,PM2.5,02,0.02653684210526316
1490,용산구,PM2.5,03,0.028700808625336926
1491,용산구,PM2.5,04,0.017794797687861273
1492,용산구,PM2.5,05,0.01737651821862348
1493,용산구,PM2.5,06,0.019346423562412344
1494,용산구,PM2.5,07,0.016158253751705324
1495,용산구,PM2.5,08,0.013966032608695653
1496,용산구,PM2.5,09,0.006713884992987377
1497,용산구,PM2.5,10,0.012601466992665036
1498,용산구,PM2.5,11,0.025837535014005604
1499,용산구,PM2.5,12,0.022683923705722073
1500,용산구,SO2,01,0.0033328822733423545
1501,용산구,SO2,02,0.003606287425149701
1502,용산구,SO2,03,0.0032132253711201083
1503,용산구,SO2,04,0.00320391061452514
1504,용산구,SO2,05,0.0030256756756756754
1505,용산구,SO2,06,0.002864145658263305
1506,용산구,SO2,07,0.0028472972972972974
1507,용산구,SO2,08,0.00257510148849797
1508,용산구,SO2,09,0.0022262569832402234
1509,용산구,SO2,10,0.002826829268292683
1510,용산구,SO2,11,0.0032067039106145256
1511,용산구,SO2,12,0.0032330623306233066
1512,은평구,CO,01,0.5574642126789366
1513,은평구,CO,02,0.5111111111111112
1514,은평구,CO,03,0.5245283018867924
1515,은평구,CO,04,0.425034965034965
1516,은평구,CO,05,0.42928475033738195
1517,은평구,CO,06,0.40784313725490196
1518,은평구,CO,07,0.32781546811397555
1519,은평구,CO,08,0.3768707482993197
1520,은평구,CO,09,0.39537815126050424
1521,은평구,CO,10,0.5223479490806223
1522,은평구,CO,11,0.7538461538461538
1523,은평구,CO,12,0.7496904024767802
1524,은평구,NO2,01,0.024012145748987853
1525,은평구,NO2,02,0.022270553064275035
1526,은평구,NO2,03,0.023359838274932612
1527,은평구,NO2,04,0.016606993006993007
1528,은평구,NO2,05,0.013541160593792173
1529,은평구,NO2,06,0.013548660084626234
1530,은평구,NO2,07,0.011652645861601084
1531,은평구,NO2,08,0.010107482993197279
1532,은평구,NO2,09,0.009372549019607844
1533,은평구,NO2,10,0.01676803394625177
1534,은평구,NO2,11,0.02615568022440393
1535,은평구,NO2,12,0.02718478260869565
1536,은평구,O3,01,0.018651821862348178
1537,은평구,O3,02,0.02725
1538,은평구,O3,03,0.030464237516869098
1539,은평구,O3,04,0.04358064516129032
1540,은평구,O3,05,0.04278520625889047
1541,은평구,O3,06,0.04640896358543418
1542,은평구,O3,07,0.039438263229308004
1543,은평구,O3,08,0.03649931972789116
1544,은평구,O3,09,0.03662324929971989
1545,은평구,O3,10,0.024246088193456618
1546,은평구,O3,11,0.01741514726507714
1547,은평구,O3,12,0.013190217391304349
1548,은평구,PM10,01,0.035360955056179776
1549,은평구,PM10,02,0.04600899550224888
1550,은평구,PM10,03,0.06623150684931507
1551,은평구,PM10,04,0.0422768115942029
1552,은평구,PM10,05,0.05929487179487179
1553,은평구,PM10,06,0.030695402298850576
1554,은평구,PM10,07,0.020864569083447332
1555,은평구,PM10,08,0.018846737481031866
1556,은평구,PM10,09,0.013383870967741936
1557,은평구,PM10,10,0.02532898550724638
1558,은평구,PM10,11,0.043941176470588234
1559,은평구,PM10,12,0.03588326300984529
1560,은평구,PM2.5,01,0.01870810810810811
1561,은평구,PM2.5,02,0.028732436472346787
1562,은평구,PM2.5,03,0.03362686567164179
1563,은평구,PM2.5,04,0.01961958041958042
1564,은평구,PM2.5,05,0.02325575101488498
1565,은평구,PM2.5,06,0.01839887640449438
1566,은평구,PM2.5,07,0.01309795918367347
1567,은평구,PM2.5,08,0.01215331491712707
1568,은평구,PM2.5,09,0.0086
1569,은평구,PM2.5,10,0.014921595598349381
1570,은평구,PM2.5,11,0.02826474820143885
1571,은평구,PM2.5,12,0.02295955369595537
1572,은평구,SO2,01,0.003680161943319838
1573,은평구,SO2,02,0.003524663677130045
1574,은평구,SO2,03,0.0031954177897574126
1575,은평구,SO2,04,0.003309090909090909
1576,은평구,SO2,05,0.0029959514170040486
1577,은평구,SO2,06,0.002942577030812325
1578,은평구,SO2,07,0.0028344640434192674
1579,은평구,SO2,08,0.0029428571428571433
1580,은평구,SO2,09,0.0021176470588235292
1581,은평구,SO2,10,0.0029872701555869875
1582,은평구,SO2,11,0.0032861150070126227
1583,은평구,SO2,12,0.003669836956521739
1584,종로구,CO,01,0.6635135135135135
1585,종로구,CO,02,0.6293853073463268
1586,종로구,CO,03,0.597027027027027
1587,종로구,CO,04,0.4378491620111732
1588,종로구,CO,05,0.43554054054054053
1589,종로구,CO,06,0.4455944055944056
1590,종로구,CO,07,0.34986486486486484
1591,종로구,CO,08,0.39256756756756755
1592,종로구,CO,09,0.375801749271137
1593,종로구,CO,10,0.47300944669365724
1594,종로구,CO,11,0.6363128491620113
1595,종로구,CO,12,0.634235453315291
1596,종로구,NO2,01,0.030844594594594595
1597,종로구,NO2,02,0.030074962518740627
1598,종로구,NO2,03,0.029883783783783785
1599,종로구,NO2,04,0.020451117318435755
1600,종로구,NO2,05,0.019294594594594594
1601,종로구,NO2,06,0.017918881118881118
1602,종로구,NO2,07,0.01634189189189189
1603,종로구,NO2,08,0.01496891891891892
1604,종로구,NO2,09,0.01480466472303207
1605,종로구,NO2,10,0.023314439946018894
1606,종로구,NO2,11,0.03171508379888268
1607,종로구,NO2,12,0.030577807848443845
1608,종로구,O3,01,0.015831978319783196
1609,종로구,O3,02,0.024141337386018237
1610,종로구,O3,03,0.027704607046070463
1611,종로구,O3,04,0.04061033519553072
1612,종로구,O3,05,0.0365359565807327
1613,종로구,O3,06,0.04384733893557423
1614,종로구,O3,07,0.04029054054054054
1615,종로구,O3,08,0.035322972972972974
1616,종로구,O3,09,0.03197084548104956
1617,종로구,O3,10,0.02223211875843455
1618,종로구,O3,11,0.01836033519553073
1619,종로구,O3,12,0.014247631935047361
1620,종로구,PM10,01,0.04156343792633015
1621,종로구,PM10,02,0.050425787106446775
1622,종로구,PM10,03,0.06945392953929538
1623,종로구,PM10,04,0.04264195804195804
1624,종로구,PM10,05,0.06323035230352304
1625,종로구,PM10,06,0.03191164095371669
1626,종로구,PM10,07,0.022337398373983738
1627,종로구,PM10,08,0.020518970189701898
1628,종로구,PM10,09,0.013030791788856305
1629,종로구,PM10,10,0.026465306122448982
1630,종로구,PM10,11,0.045589958158995816
1631,종로구,PM10,12,0.03911066126855601
1632,종로구,PM2.5,01,0.022798639455782314
1633,종로구,PM2.5,02,0.029643178410794606
1634,종로구,PM2.5,03,0.03199457994579946
1635,종로구,PM2.5,04,0.018624649859943977
1636,종로구,PM2.5,05,0.018025675675675677
1637,종로구,PM2.5,06,0.019015406162464984
1638,종로구,PM2.5,07,0.015930987821380242
1639,종로구,PM2.5,08,0.013454668470906631
1640,종로구,PM2.5,09,0.007551976573938507
1641,종로구,PM2.5,10,0.014838315217391306
1642,종로구,PM2.5,11,0.028669456066945608
1643,종로구,PM2.5,12,0.025089068825910932
1644,종로구,SO2,01,0.003440540540540541
1645,종로구,SO2,02,0.0037106446776611697
1646,종로구,SO2,03,0.00345
1647,종로구,SO2,04,0.0036047486033519553
1648,종로구,SO2,05,0.0033972972972972975
1649,종로구,SO2,06,0.0037832167832167834
1650,종로구,SO2,07,0.0036384180790960453
1651,종로구,SO2,08,0.0029486486486486486
1652,종로구,SO2,09,0.0027551020408163266
1653,종로구,SO2,10,0.0030121457489878547
1654,종로구,SO2,11,0.0034455307262569834
1655,종로구,SO2,12,0.0034546684709066307
1656,중구,CO,01,0.5920377867746288
1657,중구,CO,02,0.5509715994020927
1658,중구,CO,03,0.5460028050490884
1659,중구,CO,04,0.4082287308228731
1660,중구,CO,05,0.4097165991902834
1661,중구,CO,06,0.43067226890756305
1662,중구,CO,07,0.36986486486486486
1663,중구,CO,08,0.39633152173913044
1664,중구,CO,09,0.38
1665,중구,CO,10,0.43837837837837834
1666,중구,CO,11,0.5737430167597766
1667,중구,CO,12,0.5971621621621621
1668,중구,NO2,01,0.03307287449392713
1669,중구,NO2,02,0.03236771300448431
1670,중구,NO2,03,0.03522440392706872
1671,중구,NO2,04,0.024827057182705715
1672,중구,NO2,05,0.022502024291497974
1673,중구,NO2,06,0.022172268907563023
1674,중구,NO2,07,0.02145945945945946
1675,중구,NO2,08,0.01926766304347826
1676,중구,NO2,09,0.017931884057971012
1677,중구,NO2,10,0.025804054054054053
1678,중구,NO2,11,0.0344427374301676
1679,중구,NO2,12,0.03279594594594595
1680,중구,O3,01,0.014692307692307694
1681,중구,O3,02,0.021582959641255606
1682,중구,O3,03,0.024698457223001402
1683,중구,O3,04,0.03668200836820083
1684,중구,O3,05,0.03434143049932523
1685,중구,O3,06,0.03903636363636364
1686,중구,O3,07,0.03435135135135135
1687,중구,O3,08,0.03048913043478261
1688,중구,O3,09,0.029210144927536232
1689,중구,O3,10,0.02037702702702703
1690,중구,O3,11,0.016891061452513966
1691,중구,O3,12,0.013610192837465566
1692,중구,PM10,01,0.04417479674796748
1693,중구,PM10,02,0.05467117117117117
1694,중구,PM10,03,0.07865034965034964
1695,중구,PM10,04,0.04674581005586592
1696,중구,PM10,05,0.06694070080862534
1697,중구,PM10,06,0.035792613636363636
1698,중구,PM10,07,0.027552845528455282
1699,중구,PM10,08,0.02283150684931507
1700,중구,PM10,09,0.012862119013062409
1701,중구,PM10,10,0.027206756756756757
1702,중구,PM10,11,0.04623676880222841
1703,중구,PM10,12,0.03831578947368421
1704,중구,PM2.5,01,0.022462162162162163
1705,중구,PM2.5,02,0.02872305389221557
1706,중구,PM2.5,03,0.03254685314685315
1707,중구,PM2.5,04,0.02010739191073919
1708,중구,PM2.5,05,0.0210188679245283
1709,중구,PM2.5,06,0.021953781512605044
1710,중구,PM2.5,07,0.01707837837837838
1711,중구,PM2.5,08,0.013985054347826088
1712,중구,PM2.5,09,0.007202898550724637
1713,중구,PM2.5,10,0.012933783783783783
1714,중구,PM2.5,11,0.026891364902506962
1715,중구,PM2.5,12,0.024282051282051284
1716,중구,SO2,01,0.003255060728744939
1717,중구,SO2,02,0.003212257100149477
1718,중구,SO2,03,0.0030084151472650773
1719,중구,SO2,04,0.002856345885634589
1720,중구,SO2,05,0.0033189269746646795
1721,중구,SO2,06,0.0037244755244755247
1722,중구,SO2,07,0.003525675675675676
1723,중구,SO2,08,0.003253061224489796
1724,중구,SO2,09,0.0030585585585585586
1725,중구,SO2,10,0.003309459459459459
1726,중구,SO2,11,0.0038659217877094975
1727,중구,SO2,12,0.0037689189189189193
1728,중랑구,CO,01,0.5865853658536585
1729,중랑구,CO,02,0.5793413173652695
1730,중랑구,CO,03,0.5566801619433198
1731,중랑구,CO,04,0.4185495118549512
1732,중랑구,CO,05,0.36445945945945946
1733,중랑구,CO,06,0.3680167597765363
1734,중랑구,CO,07,0.2830508474576271
1735,중랑구,CO,08,0.31635135135135134
1736,중랑구,CO,09,0.29483240223463686
1737,중랑구,CO,10,0.3637130801687764
1738,중랑구,CO,11,0.5164574616457461
1739,중랑구,CO,12,0.5213513513513514
1740,중랑구,NO2,01,0.03222432432432432
1741,중랑구,NO2,02,0.03214221556886228
1742,중랑구,NO2,03,0.032398110661268555
1743,중랑구,NO2,04,0.022246861924686192
1744,중랑구,NO2,05,0.019856756756756758
1745,중랑구,NO2,06,0.017720670391061455
1746,중랑구,NO2,07,0.015211875843454792
1747,중랑구,NO2,08,0.012866216216216217
1748,중랑구,NO2,09,0.010624301675977653
1749,중랑구,NO2,10,0.018880450070323487
1750,중랑구,NO2,11,0.029224546722454673
1751,중랑구,NO2,12,0.030725675675675673
1752,중랑구,O3,01,0.013694594594594595
1753,중랑구,O3,02,0.02031287425149701
1754,중랑구,O3,03,0.023483130904183535
1755,중랑구,O3,04,0.03497350069735007
1756,중랑구,O3,05,0.03273783783783784
1757,중랑구,O3,06,0.04001267605633803
1758,중랑구,O3,07,0.042146143437077135
1759,중랑구,O3,08,0.03701891891891892
1760,중랑구,O3,09,0.034685754189944136
1761,중랑구,O3,10,0.02690014064697609
1762,중랑구,O3,11,0.02101673640167364
1763,중랑구,O3,12,0.014302702702702702
1764,중랑구,PM10,01,0.03633152909336942
1765,중랑구,PM10,02,0.04703898050974513
1766,중랑구,PM10,03,0.06464285714285714
1767,중랑구,PM10,04,0.04067369901547117
1768,중랑구,PM10,05,0.06002043596730245
1769,중랑구,PM10,06,0.03300700280112045
1770,중랑구,PM10,07,0.025638736263736264
1771,중랑구,PM10,08,0.02306267029972752
1772,중랑구,PM10,09,0.014286713286713286
1773,중랑구,PM10,10,0.025707042253521124
1774,중랑구,PM10,11,0.044655027932960896
1775,중랑구,PM10,12,0.038338753387533876
1776,중랑구,PM2.5,01,0.019105405405405406
1777,중랑구,PM2.5,02,0.027920539730134933
1778,중랑구,PM2.5,03,0.029500674763832658
1779,중랑구,PM2.5,04,0.016699720670391063
1780,중랑구,PM2.5,05,0.01831571815718157
1781,중랑구,PM2.5,06,0.01868994413407821
1782,중랑구,PM2.5,07,0.01567571234735414
1783,중랑구,PM2.5,08,0.012700947225981057
1784,중랑구,PM2.5,09,0.005573426573426574
1785,중랑구,PM2.5,10,0.011184507042253522
1786,중랑구,PM2.5,11,0.02297486033519553
1787,중랑구,PM2.5,12,0.020789972899728996
1788,중랑구,SO2,01,0.003418918918918919
1789,중랑구,SO2,02,0.003444610778443114
1790,중랑구,SO2,03,0.0029365721997300946
1791,중랑구,SO2,04,0.0028730822873082288
1792,중랑구,SO2,05,0.003058743169398907
1793,중랑구,SO2,06,0.0028114525139664804
1794,중랑구,SO2,07,0.0027940379403794038
1795,중랑구,SO2,08,0.002485135135135135
1796,중랑구,SO2,09,0.002272346368715084
1797,중랑구,SO2,10,0.0026258790436005626
1798,중랑구,SO2,11,0.003210749646393211
1799,중랑구,SO2,12,0.0032972972972972973
