,지점명,지점번호,월,0시,1시,2시,3시,4시,5시,6시,7시,8시,9시,10시,11시,12시,13시,14시,15시,16시,17시,18시,19시,20시,21시,22시,23시,위도,경도,주소,하루평균
4,가양대교,C-03,5,980.0,676.0,478.0,470.0,665.0,1674.0,2536.0,2563.0,2817.0,2944.0,2891.0,2887.0,2923.0,3007.0,3040.0,3092.0,3271.0,3317.0,3162.0,2716.0,2447.0,2497.0,2309.0,1468.0,37.571567,126.862726,서울시 마포구 상암동 506-68,2284.5833333333335
16,강남대로(강남역-신분당),D-35,5,513.0,319.0,213.0,172.0,167.0,291.0,684.0,1102.0,1244.0,1305.0,1356.0,1458.0,1440.0,1498.0,1497.0,1528.0,1574.0,1584.0,1558.0,1362.0,1189.0,1089.0,1001.0,727.0,37.49059,127.03116,서울시 강남구 역삼동 858,1036.2916666666667
28,강남대로(신사역),D-43,5,805.0,575.0,426.0,333.0,336.0,491.0,900.0,1304.0,1436.0,1543.0,1573.0,1603.0,1595.0,1545.0,1657.0,1667.0,1677.0,1735.0,1753.0,1651.0,1642.0,1589.0,1491.0,1092.0,37.514859,127.020098,서울시 강남구 논현동 17-5,1267.4583333333333
40,강남순환로,F-08,5,451.0,259.0,177.0,153.0,226.0,831.0,1978.0,2413.0,2460.0,2494.0,2473.0,2371.0,2361.0,2472.0,2495.0,2562.0,2809.0,3091.0,2833.0,2266.0,1839.0,1650.0,1446.0,836.0,37.449096,126.926169,서울시 금천구 시흥동 산 93-1,1789.4166666666667
52,강변북로,F-02,5,2546.0,1688.0,1229.0,1100.0,1617.0,3720.0,5523.0,5764.0,5916.0,6199.0,6107.0,6000.0,5978.0,5904.0,5822.0,5764.0,5571.0,5122.0,4748.0,4798.0,5567.0,5904.0,5645.0,3901.0,37.517004,126.973968,서울시 용산구 이촌동 302-131,4672.208333333333
64,강변북로(구리시계),B-37,5,810.0,523.0,398.0,364.0,560.0,1555.0,3050.0,3283.0,3656.0,3821.0,4000.0,4015.0,4043.0,4096.0,4082.0,4138.0,4270.0,4311.0,4060.0,3525.0,3191.0,2975.0,2604.0,1488.0,37.558389,127.114274,경기도 구리시 아천동 390,2867.4166666666665
76,강변북로(난지한강공원),B-36,5,2244.0,1463.0,1128.0,1115.0,1709.0,4031.0,5280.0,5128.0,5535.0,5897.0,6090.0,6195.0,6521.0,6551.0,6545.0,6466.0,6381.0,6299.0,6213.0,5904.0,5712.0,5706.0,5226.0,3543.0,37.570903,126.872321,서울시 마포구 상암동 481-226,4870.083333333333
88,강서로(화곡터널),D-20,5,434.0,307.0,229.0,186.0,231.0,445.0,684.0,888.0,901.0,990.0,990.0,994.0,970.0,987.0,979.0,994.0,986.0,1000.0,992.0,940.0,876.0,867.0,815.0,590.0,37.534375,126.845094,서울시 강서구 화곡동 산172-2,761.4583333333334
100,개봉로(개봉교),B-21,5,209.0,139.0,105.0,93.0,155.0,365.0,513.0,590.0,617.0,653.0,678.0,675.0,652.0,661.0,666.0,695.0,707.0,719.0,695.0,603.0,520.0,494.0,432.0,302.0,37.486181,126.8565,서울시 구로구 개봉동 403-97,497.4166666666667
112,경부고속도로,F-06,5,2246.0,1486.0,1101.0,1043.0,1601.0,3725.0,5388.0,4816.0,4894.0,4848.0,4711.0,4719.0,4679.0,4694.0,4681.0,4697.0,4647.0,4546.0,4475.0,4510.0,4506.0,5456.0,5128.0,3590.0,37.493135,127.022533,서울시 서초구 서초동 1748-26 ,4007.7916666666665
124,경부고속도로(양재IC),B-11,5,1849.0,1214.0,882.0,832.0,1319.0,3383.0,5476.0,4833.0,4848.0,4765.0,4645.0,4543.0,4462.0,4469.0,4429.0,4554.0,4692.0,4842.0,4816.0,4716.0,4586.0,5208.0,4737.0,3147.0,37.465083,127.038643,서울시 서초구 양재동 227-4,3885.2916666666665
136,경인고속국도(신월IC),B-28,5,1673.0,1104.0,845.0,758.0,1094.0,2914.0,4149.0,4529.0,4387.0,4512.0,4646.0,4618.0,4631.0,4749.0,4751.0,4780.0,4865.0,4967.0,4762.0,4477.0,4215.0,4125.0,3831.0,2602.0,37.524875,126.831933,서울시 양천구 신월동 904-1,3666.0
148,경인로(거리공원입구교차로),D-23,5,373.0,223.0,161.0,143.0,272.0,814.0,1117.0,1222.0,1244.0,1273.0,1331.0,1311.0,1292.0,1267.0,1267.0,1275.0,1289.0,1319.0,1269.0,1122.0,1015.0,996.0,820.0,561.0,37.50644,126.884382,서울시 구로구 신도림동 435-17,957.3333333333334
160,경인로(서울교),D-28,5,642.0,423.0,292.0,233.0,322.0,734.0,1491.0,2261.0,2435.0,2479.0,2481.0,2487.0,2412.0,2491.0,2527.0,2526.0,2602.0,2741.0,2603.0,2188.0,1940.0,1831.0,1546.0,994.0,37.52019,126.914903,서울시 영등포구 영등포동2가 97-1,1778.375
172,경인로(오류IC),D-22,5,461.0,284.0,194.0,167.0,304.0,670.0,971.0,1031.0,1007.0,1110.0,1176.0,1166.0,1163.0,1181.0,1203.0,1195.0,1250.0,1315.0,1273.0,1117.0,1023.0,979.0,897.0,649.0,37.498246,126.851219,서울시 구로구 개봉동 80-22,907.75
184,경인로(유한공고),B-29,5,316.0,203.0,135.0,110.0,203.0,446.0,613.0,781.0,835.0,822.0,796.0,783.0,798.0,797.0,791.0,812.0,894.0,957.0,952.0,816.0,699.0,664.0,604.0,420.0,37.488614,126.822789,경기도 부천시 소사구 괴안동 206-5,635.2916666666666
196,경춘북로(중랑경찰서),B-05,5,267.0,175.0,128.0,120.0,217.0,532.0,987.0,1311.0,1428.0,1369.0,1284.0,1238.0,1265.0,1290.0,1303.0,1324.0,1468.0,1577.0,1556.0,1276.0,1008.0,881.0,761.0,437.0,37.619942,127.105325,서울시 중랑구 신내동 271-1,966.75
208,공항대로(발산역),D-21,5,375.0,250.0,191.0,165.0,280.0,503.0,751.0,1134.0,1348.0,1343.0,1388.0,1391.0,1402.0,1431.0,1470.0,1457.0,1469.0,1465.0,1429.0,1225.0,1020.0,914.0,822.0,536.0,37.559251,126.831069,서울시 강서구 마곡동 727-1154,989.9583333333334
220,과천대로(남태령역),B-15,5,473.0,265.0,173.0,159.0,244.0,723.0,1542.0,1734.0,1807.0,1797.0,1769.0,1736.0,1718.0,1770.0,1706.0,1686.0,1783.0,1821.0,1764.0,1540.0,1441.0,1384.0,1206.0,794.0,37.463288,126.988151,서울시 서초구 방배동 산190-1 ,1293.125
232,광명대교(광명시계),B-22,5,166.0,107.0,79.0,70.0,131.0,328.0,462.0,689.0,635.0,703.0,762.0,683.0,684.0,704.0,701.0,714.0,732.0,743.0,715.0,633.0,523.0,476.0,398.0,256.0,37.485044,126.873297,서울시 금천구 가산동 535-121,503.9166666666667
244,광진교,C-21,5,89.0,63.0,48.0,38.0,48.0,117.0,211.0,357.0,497.0,447.0,464.0,455.0,433.0,435.0,449.0,480.0,537.0,620.0,646.0,469.0,327.0,274.0,221.0,129.0,37.54412,127.115274,서울시 강동구 천호동 484-9,327.25
256,국회대로(여의2교),D-27,5,450.0,282.0,183.0,150.0,197.0,329.0,666.0,1076.0,1345.0,1278.0,1301.0,1432.0,1419.0,1508.0,1572.0,1574.0,1618.0,1570.0,1512.0,1279.0,1212.0,1160.0,996.0,676.0,37.526003,126.910953,서울시 영등포구 영등포동7가 94-411,1032.7083333333333
268,금오로(광명시계),B-19,5,44.0,24.0,17.0,19.0,38.0,124.0,221.0,278.0,294.0,301.0,277.0,270.0,269.0,290.0,292.0,310.0,329.0,360.0,327.0,268.0,188.0,137.0,106.0,70.0,37.482431,126.841891,서울시 구로구 천왕동 24-2,202.20833333333334
280,금천교(광명시계),B-24,5,350.0,230.0,170.0,148.0,236.0,614.0,1023.0,1386.0,1476.0,1495.0,1529.0,1538.0,1476.0,1561.0,1577.0,1597.0,1628.0,1640.0,1523.0,1309.0,1102.0,954.0,808.0,530.0,37.465046,126.884245,서울시 금천구 독산동 668-54,1079.1666666666667
292,금하로(광명시계),B-25,5,188.0,106.0,77.0,70.0,134.0,310.0,616.0,872.0,891.0,926.0,941.0,898.0,879.0,916.0,928.0,967.0,1002.0,1055.0,1014.0,834.0,676.0,578.0,443.0,267.0,37.4514,126.891627,경기도 광명시 소하동 31-25,649.5
304,김포대로(개화교),B-31,5,272.0,167.0,119.0,117.0,236.0,601.0,1205.0,1391.0,1431.0,1486.0,1380.0,1297.0,1309.0,1339.0,1370.0,1416.0,1514.0,1712.0,1651.0,1229.0,977.0,874.0,774.0,467.0,37.585313,126.795571,경기도 김포시 고촌읍 전호리 436-3,1013.9166666666666
316,남부순환로(낙성대역),D-33,5,1142.0,766.0,554.0,439.0,525.0,1043.0,1579.0,2112.0,2269.0,2324.0,2342.0,2292.0,2265.0,2332.0,2373.0,2388.0,2496.0,2481.0,2335.0,2166.0,2000.0,2017.0,1925.0,1489.0,37.477711,126.962242,서울시 관악구 봉천동 1685-32,1818.9166666666667
328,남부순환로(수서IC),D-39,5,863.0,679.0,514.0,502.0,669.0,1111.0,1768.0,2481.0,2665.0,2777.0,2747.0,2625.0,2575.0,2686.0,2586.0,2641.0,2643.0,2621.0,2466.0,2190.0,2080.0,2137.0,1896.0,1236.0,37.495912,127.090903,서울시 강남구 일원동 3-16,1964.9166666666667
340,남부순환로(신월IC),D-19,5,841.0,578.0,442.0,422.0,690.0,1699.0,2478.0,2635.0,2763.0,2882.0,2915.0,2865.0,2850.0,2881.0,2819.0,2819.0,2773.0,2858.0,2773.0,2628.0,2489.0,2363.0,2123.0,1323.0,37.524081,126.835862,서울시 양천구 신월동 838 ,2162.875
352,남부순환로(예술의전당),D-34,5,686.0,456.0,319.0,256.0,357.0,820.0,1451.0,1972.0,2153.0,2232.0,2189.0,2102.0,2039.0,2175.0,2170.0,2222.0,2331.0,2408.0,2269.0,1919.0,1662.0,1733.0,1617.0,1041.0,37.476405,127.00445,서울시 서초구 방배동 1009-3,1607.4583333333333
364,남부순환로(화곡로입구 교차로),D-18,5,513.0,355.0,278.0,271.0,486.0,1048.0,1666.0,1838.0,2030.0,1998.0,2010.0,1973.0,1913.0,1950.0,1964.0,1968.0,1974.0,1984.0,1888.0,1714.0,1554.0,1438.0,1300.0,805.0,37.540163,126.825453,서울시 양천구 신월동 29-7,1454.9166666666667
376,남산1호터널,A-20,5,565.0,350.0,251.0,204.0,262.0,631.0,1494.0,1553.0,1775.0,1828.0,1800.0,1864.0,1789.0,1868.0,1783.0,1716.0,1627.0,1655.0,1605.0,1407.0,1372.0,1687.0,1444.0,944.0,37.542406,127.001356,서울시 용산구 한남동 산 10-33,1311.4166666666667
388,남산2호터널,A-21,5,110.0,77.0,61.0,51.0,74.0,123.0,224.0,452.0,545.0,525.0,528.0,553.0,550.0,572.0,598.0,609.0,600.0,623.0,561.0,426.0,352.0,327.0,278.0,168.0,37.544301,126.989767,서울시 용산구 이태원동 262-35,374.4583333333333
400,남산3호터널,A-22,5,211.0,136.0,97.0,78.0,85.0,194.0,498.0,648.0,837.0,862.0,879.0,920.0,897.0,1011.0,1033.0,1039.0,1024.0,1044.0,941.0,728.0,630.0,749.0,601.0,340.0,37.544496,126.98835,서울시 용산구 용산동2가 5-432,645.0833333333334
412,내부순환로,F-03,5,1354.0,888.0,644.0,601.0,954.0,2359.0,3450.0,3427.0,3410.0,3571.0,3643.0,3616.0,3522.0,3514.0,3521.0,3525.0,3630.0,3559.0,3382.0,3253.0,3190.0,3288.0,3153.0,2218.0,37.608679,126.998878,서울시 성북구 정릉동 590-16,2819.6666666666665
424,노들로,D-41,5,452.0,299.0,220.0,195.0,262.0,484.0,888.0,1330.0,1583.0,1467.0,1449.0,1450.0,1317.0,1476.0,1516.0,1547.0,1740.0,1719.0,1526.0,1336.0,1253.0,1195.0,1165.0,721.0,37.529712,126.909281,서울시 영등포구 당산동 364 ,1107.9166666666667
436,대사관로(삼청터널),A-04,5,35.0,18.0,12.0,10.0,13.0,46.0,169.0,344.0,347.0,370.0,330.0,315.0,307.0,320.0,336.0,364.0,419.0,430.0,372.0,291.0,231.0,190.0,148.0,68.0,37.596359,126.984209,서울시 성북구 성북동 산25-148,228.54166666666666
448,대학로(한국방송통신대학교),A-07,5,201.0,137.0,102.0,88.0,110.0,212.0,393.0,585.0,671.0,614.0,637.0,657.0,644.0,659.0,680.0,665.0,623.0,548.0,453.0,428.0,437.0,445.0,383.0,274.0,37.578188,127.002053,서울시 종로구 연건동 72-3,443.5833333333333
460,도봉로(도봉산역),B-01,5,,,,,,,,,,,,,,,,,,,,,,,,,37.691792,127.045087,서울시 도봉구 도봉동 378-1,
472,도봉로(쌍문역),D-11,5,443.0,317.0,247.0,218.0,275.0,497.0,776.0,1008.0,1181.0,1144.0,1174.0,1141.0,1114.0,1140.0,1154.0,1151.0,1195.0,1188.0,1210.0,1044.0,965.0,879.0,842.0,610.0,37.645707,127.033171,서울시 도봉구 창동 650-46,871.375
484,동부간선도로,F-05,5,1643.0,1102.0,796.0,721.0,1053.0,2493.0,3163.0,3051.0,3138.0,3274.0,3303.0,3420.0,3574.0,3520.0,3506.0,3567.0,3555.0,3288.0,3035.0,3053.0,3305.0,3511.0,3400.0,2471.0,37.568685,127.076023,서울시 동대문구 장안동 19-7,2789.25
496,동부간선도로(월계1교),D-12,5,1423.0,993.0,735.0,693.0,1095.0,2465.0,2673.0,2662.0,2876.0,2909.0,2822.0,2813.0,2939.0,2931.0,2913.0,2976.0,3076.0,3013.0,2878.0,2816.0,2892.0,2945.0,2770.0,2093.0,37.631579,127.063432,서울시 노원구 월계동 247-17,2433.375
508,동소문로(길음교사거리),D-09,5,678.0,449.0,324.0,283.0,391.0,632.0,973.0,1196.0,1334.0,1404.0,1468.0,1499.0,1476.0,1506.0,1475.0,1504.0,1459.0,1411.0,1353.0,1263.0,1252.0,1293.0,1246.0,910.0,37.599755,127.021693,서울시 성북구 돈암동 32-31,1115.7916666666667
520,동일로(군자교),D-07,5,715.0,510.0,375.0,299.0,341.0,701.0,1093.0,1157.0,1335.0,1443.0,1594.0,1683.0,1692.0,1733.0,1763.0,1818.0,1880.0,1922.0,1888.0,1673.0,1505.0,1489.0,1345.0,992.0,37.553809,127.070504,서울시 성동구 송정동 83,1289.4166666666667
532,동일로(노원역),D-13,5,295.0,172.0,129.0,101.0,131.0,245.0,502.0,845.0,979.0,1028.0,1112.0,1109.0,1086.0,1140.0,1159.0,1186.0,1188.0,1181.0,1139.0,953.0,785.0,720.0,633.0,436.0,37.652409,127.061032,서울시 노원구 상계동 729,760.5833333333334
544,동일로(의정부IC),B-02,5,452.0,310.0,226.0,209.0,348.0,907.0,1664.0,2462.0,2747.0,2495.0,2447.0,2403.0,2372.0,2431.0,2503.0,2567.0,2769.0,2871.0,2783.0,2308.0,1842.0,1576.0,1314.0,755.0,37.688571,127.055376,서울시 노원구 상계동 1311-3,1781.7083333333333
556,동작대교,C-10,5,325.0,193.0,130.0,108.0,139.0,446.0,943.0,1370.0,1705.0,1619.0,1593.0,1638.0,1582.0,1639.0,1719.0,1798.0,1893.0,1928.0,1834.0,1342.0,1074.0,1051.0,942.0,549.0,37.509936,126.981814,서울시 용산구 이촌동 385,1148.3333333333333
568,동작대로(총신대입구역),D-31,5,831.0,513.0,369.0,299.0,413.0,996.0,1827.0,2087.0,2213.0,2307.0,2288.0,2216.0,2181.0,2202.0,2173.0,2145.0,2241.0,2132.0,2098.0,1928.0,1968.0,1990.0,1885.0,1260.0,37.494352,126.982914,서울시 서초구 방배동 1255,1690.0833333333333
580,동호대교,C-14,5,533.0,401.0,305.0,254.0,299.0,507.0,957.0,1723.0,1946.0,2009.0,2066.0,1983.0,1941.0,1944.0,1957.0,1898.0,1947.0,2038.0,1960.0,1636.0,1457.0,1381.0,1213.0,776.0,37.538207,127.019882,서울시 성동구 옥수동 86,1380.4583333333333
592,동호로(금호터널),D-03,5,489.0,371.0,287.0,248.0,292.0,444.0,865.0,1460.0,1577.0,1629.0,1686.0,1715.0,1713.0,1750.0,1758.0,1713.0,1692.0,1702.0,1572.0,1383.0,1275.0,1178.0,1059.0,691.0,37.551919,127.012977,서울시 중구 신당동 349-202,1189.5416666666667
604,동호로(장충체육관),A-10,5,315.0,235.0,172.0,153.0,178.0,292.0,619.0,1169.0,1342.0,1347.0,1439.0,1460.0,1457.0,1542.0,1562.0,1546.0,1537.0,1524.0,1380.0,1162.0,1035.0,899.0,740.0,466.0,37.558563,127.007101,서울시 중구 장충동2가 200-99,982.125
616,뚝섬로(용비교),D-06,5,474.0,312.0,222.0,192.0,220.0,456.0,993.0,1474.0,1703.0,1809.0,1871.0,1854.0,1828.0,1854.0,1875.0,1890.0,1874.0,1893.0,1808.0,1519.0,1332.0,1345.0,1280.0,740.0,37.542006,127.020674,서울시 성동구 옥수동 산 1-11 ,1284.0833333333333
628,마포대교,C-07,5,632.0,421.0,302.0,232.0,311.0,748.0,1674.0,2672.0,2931.0,2839.0,2839.0,2950.0,2811.0,2952.0,2954.0,3005.0,3129.0,3290.0,3001.0,2373.0,2221.0,2054.0,1752.0,1000.0,37.533628,126.936512,서울시 영등포구 여의도동 85-2,2045.5416666666667
640,망우로(망우리공원),B-04,5,188.0,126.0,91.0,87.0,126.0,306.0,568.0,888.0,994.0,896.0,827.0,830.0,821.0,854.0,869.0,887.0,967.0,1084.0,1105.0,855.0,635.0,545.0,462.0,280.0,37.601476,127.115674,경기도 구리시 교문동 346-3,637.125
652,문성로(난곡터널),D-32,5,153.0,110.0,82.0,68.0,84.0,152.0,230.0,357.0,405.0,406.0,402.0,401.0,391.0,414.0,424.0,434.0,459.0,465.0,457.0,396.0,335.0,312.0,285.0,200.0,37.479046,126.924252,서울시 관악구 신림동 438-44,309.25
664,반포대교,C-11,5,690.0,430.0,292.0,220.0,273.0,771.0,1619.0,2240.0,2452.0,2492.0,2466.0,2526.0,2492.0,2515.0,2508.0,2531.0,2448.0,2492.0,2444.0,2153.0,1987.0,2008.0,1833.0,1116.0,37.514431,126.996663,서울시 서초구 반포동 647,1791.5833333333333
676,반포대로(서초역),D-37,5,470.0,289.0,191.0,143.0,186.0,518.0,1388.0,1986.0,2000.0,2290.0,2405.0,2394.0,2338.0,2407.0,2376.0,2290.0,2306.0,2256.0,2222.0,2006.0,1790.0,1767.0,1570.0,857.0,37.49624,127.005554,서울시 서초구 서초동 산 183-3 ,1601.875
688,반포대로(우면산터널),B-17,5,309.0,190.0,128.0,99.0,142.0,400.0,1165.0,1697.0,1871.0,1938.0,1988.0,2014.0,1940.0,1961.0,1971.0,2001.0,2066.0,2151.0,2122.0,1747.0,1404.0,1313.0,1124.0,572.0,37.483905,127.011416,서울시 서초구 서초동 1460-6,1346.375
700,밤고개로(세곡동사거리),B-13,5,130.0,83.0,61.0,57.0,86.0,241.0,599.0,1310.0,1556.0,1308.0,1234.0,1175.0,1100.0,1106.0,1100.0,1163.0,1346.0,1629.0,1597.0,1052.0,700.0,574.0,458.0,250.0,37.462416,127.107883,서울시 강남구 세곡동 130-6,829.7916666666666
712,백제고분로(종합운동장),D-44,5,364.0,260.0,186.0,150.0,151.0,302.0,497.0,824.0,968.0,1010.0,1034.0,1058.0,1071.0,1107.0,1061.0,1045.0,1065.0,1099.0,1040.0,919.0,917.0,951.0,843.0,508.0,37.510639,127.078559,서울시 송파구 잠실동 124,767.9166666666666
724,북부간선도로(신내IC),B-07,5,930.0,625.0,492.0,562.0,891.0,2060.0,2756.0,2792.0,2885.0,2975.0,3070.0,3104.0,3215.0,3316.0,3320.0,3331.0,3382.0,3237.0,3064.0,2954.0,2962.0,2881.0,2562.0,1524.0,37.613824,127.1087,서울시 중랑구 신내동 122-3,2453.75
736,북부간선로,F-04,5,1097.0,726.0,547.0,548.0,907.0,2171.0,2588.0,2623.0,2682.0,2720.0,2686.0,2656.0,2727.0,2705.0,2681.0,2697.0,2739.0,2681.0,2578.0,2508.0,2554.0,2594.0,2461.0,1726.0,37.608556,127.052577,서울시 성북구 장위동 65-175 ,2191.75
748,분당수서로,F-07,5,1141.0,758.0,549.0,511.0,733.0,2042.0,3233.0,3277.0,3452.0,3565.0,3569.0,3574.0,3599.0,3534.0,3467.0,3509.0,3599.0,3615.0,3499.0,3232.0,3225.0,3183.0,2994.0,1893.0,37.497648,127.087195,서울시 강남구 일원동 467-1,2739.7083333333335
760,분당수서로(성남시계),B-14,5,806.0,509.0,365.0,350.0,542.0,1583.0,2644.0,2528.0,2510.0,2587.0,2581.0,2624.0,2622.0,2623.0,2579.0,2638.0,2721.0,2661.0,2614.0,2417.0,2506.0,2455.0,2262.0,1374.0,37.471129,127.123078,서울시 송파구 장지동 698-5,2045.875
772,사직로(사직터널),A-02,5,539.0,353.0,254.0,211.0,270.0,534.0,1085.0,1674.0,1840.0,1802.0,1798.0,1840.0,1782.0,1809.0,1843.0,1840.0,1908.0,1959.0,1870.0,1550.0,1380.0,1361.0,1171.0,783.0,37.572298,126.962853,서울시 종로구 행촌동 1-186,1310.6666666666667
784,사평대로(고속터미널역),D-36,5,724.0,492.0,341.0,263.0,320.0,722.0,1424.0,1940.0,1979.0,2135.0,2175.0,2228.0,2194.0,2301.0,2274.0,2296.0,2281.0,2243.0,2236.0,2086.0,1923.0,2009.0,1851.0,1082.0,37.503742,127.007779,서울시 서초구 반포동 60-2,1646.625
796,새문안로(서울역사박물관),A-14,5,392.0,285.0,207.0,165.0,190.0,365.0,707.0,1020.0,1143.0,1127.0,1183.0,1232.0,1248.0,1320.0,1310.0,1322.0,1307.0,1357.0,1366.0,1148.0,1021.0,971.0,822.0,538.0,37.569776,126.971354,서울시 종로구 신문로2가 1-2,906.0833333333334
808,서강대교,C-06,5,206.0,131.0,95.0,76.0,111.0,240.0,537.0,1030.0,1212.0,1139.0,1113.0,1179.0,1122.0,1244.0,1254.0,1286.0,1374.0,1485.0,1469.0,1042.0,738.0,696.0,612.0,319.0,37.537537,126.925341,서울시 영등포구 여의도동 83-1,821.25
820,서부간선도로,F-09,5,1693.0,1078.0,790.0,720.0,1195.0,2211.0,2427.0,2119.0,2040.0,2110.0,2152.0,2165.0,2220.0,2173.0,2197.0,2210.0,2122.0,1995.0,1990.0,2202.0,2518.0,2623.0,2595.0,2309.0,37.520965,126.881826,서울시 영등포구 문래동6가 52,1993.9166666666667
832,서빙고로(한남역),D-04,5,724.0,493.0,348.0,289.0,329.0,588.0,1159.0,1778.0,2076.0,2172.0,2273.0,2334.0,2343.0,2408.0,2450.0,2557.0,2594.0,2604.0,2433.0,2023.0,1910.0,1929.0,1828.0,1108.0,37.527197,127.004697,서울시 용산구 한남동 542-10,1697.9166666666667
844,서소문로(시청역),A-16,5,353.0,247.0,182.0,142.0,184.0,364.0,687.0,881.0,962.0,1024.0,1062.0,1116.0,1097.0,1145.0,1139.0,1186.0,1215.0,1266.0,1147.0,1001.0,875.0,849.0,736.0,526.0,37.562819,126.972716,서울시 중구 서소문동 72-2,807.75
856,서오릉로(고양시계),B-34,5,286.0,193.0,148.0,145.0,189.0,396.0,774.0,1109.0,1221.0,1154.0,1171.0,1181.0,1211.0,1242.0,1234.0,1247.0,1307.0,1376.0,1378.0,1189.0,921.0,798.0,682.0,388.0,37.617883,126.90626,서울시 은평구 구산동 304-15,872.5
868,서하남로(서하남IC),B-08,5,486.0,372.0,302.0,300.0,428.0,1238.0,2187.0,2728.0,2754.0,2845.0,2894.0,2828.0,2839.0,2924.0,2916.0,2938.0,3010.0,2975.0,2825.0,2416.0,2026.0,1810.0,1448.0,813.0,37.516777,127.146728,경기도 하남시 감북동 442-15,2012.5833333333333
880,성산대교,C-04,5,1493.0,946.0,667.0,593.0,956.0,2497.0,3484.0,3605.0,3717.0,3813.0,3778.0,3806.0,3846.0,3802.0,3901.0,3993.0,4075.0,4104.0,4029.0,3672.0,3325.0,3436.0,3372.0,2329.0,37.55268,126.891564,서울시 마포구 망원동 306-53,3051.625
892,성산로(금화터널),A-01,5,449.0,286.0,205.0,169.0,215.0,459.0,970.0,1529.0,1633.0,1601.0,1622.0,1648.0,1615.0,1669.0,1695.0,1723.0,1785.0,1881.0,1816.0,1487.0,1259.0,1214.0,1058.0,707.0,37.568588,126.948436,서울시 서대문구 신촌동 1-142,1195.625
904,성산로(연희IC),D-16,5,601.0,381.0,270.0,233.0,312.0,700.0,1219.0,1443.0,1486.0,1800.0,1946.0,2007.0,2035.0,2058.0,2091.0,2142.0,2148.0,2201.0,2140.0,1841.0,1574.0,1544.0,1362.0,925.0,37.563506,126.9301,서울시 서대문구 연희동 341-41,1435.7916666666667
916,성수대교,C-15,5,1307.0,878.0,660.0,579.0,791.0,1668.0,2465.0,2857.0,3233.0,3206.0,3161.0,3132.0,3244.0,3335.0,3289.0,3358.0,3504.0,3516.0,3287.0,2843.0,2775.0,2916.0,2759.0,1940.0,37.536768,127.034972,서울시 성동구 옥수동 484,2529.2916666666665
928,세종대로(서울역),A-13,5,,,,,,,,,,,,,,,,,,,,,,,,,37.558061,126.973439,서울시 중구 남대문로5가 84-15,
940,세종대로(시청역2),A-17,5,,,,,,,,,,,,,,,,,,,,,,,,,37.567496,126.977208,서울시 중구 태평로1가 61-29,
952,소월로(회현역),A-23,5,31.0,23.0,15.0,13.0,13.0,34.0,79.0,279.0,351.0,318.0,274.0,295.0,288.0,323.0,336.0,343.0,343.0,369.0,360.0,258.0,172.0,116.0,80.0,51.0,37.557044,126.976362,서울시 중구 남창동 217-1,198.5
964,소파로(숭의여자대학교),A-24,5,43.0,29.0,24.0,17.0,17.0,23.0,54.0,157.0,312.0,236.0,241.0,277.0,312.0,359.0,360.0,364.0,338.0,334.0,343.0,251.0,196.0,151.0,104.0,67.0,37.554896,126.983521,서울시 중구 회현동1가 산1-16,192.04166666666666
976,송파대로(복정역),B-12,5,419.0,296.0,213.0,191.0,283.0,609.0,1113.0,1597.0,1605.0,1649.0,1625.0,1551.0,1524.0,1516.0,1542.0,1572.0,1688.0,1755.0,1681.0,1300.0,1116.0,1084.0,934.0,622.0,37.468797,127.126419,서울시 송파구 장지동 697-14,1145.2083333333333
988,송파대로(송파역),D-45,5,651.0,494.0,348.0,301.0,357.0,622.0,1184.0,1750.0,1963.0,2002.0,2022.0,2003.0,1968.0,1979.0,1978.0,2018.0,2079.0,2112.0,2075.0,1814.0,1631.0,1540.0,1421.0,958.0,37.500537,127.111445,서울시 송파구 송파동 2-15 ,1469.5833333333333
1000,수색로(고양시계),B-35,5,,,,,,,,,,,,,,,,,,,,,,,,,37.587472,126.886414,서울시 은평구 수색동 281-12,
1012,시흥대로(구로디지털단지역),D-26,5,506.0,345.0,255.0,213.0,379.0,907.0,1216.0,1697.0,1865.0,1849.0,1945.0,1895.0,1915.0,1880.0,1924.0,1934.0,2056.0,2147.0,2078.0,1781.0,1551.0,1409.0,1170.0,764.0,37.486787,126.904415,서울시 영등포구 대림동 993-57,1403.375
1024,시흥대로(석수역),B-18,5,553.0,319.0,218.0,201.0,370.0,1029.0,1657.0,1976.0,1990.0,2094.0,2180.0,2130.0,2097.0,2136.0,2158.0,2234.0,2309.0,2438.0,2410.0,2078.0,1759.0,1568.0,1282.0,807.0,37.437013,126.902811,서울시 금천구 시흥동 1001-34,1583.0416666666667
1036,시흥대로(시흥IC),D-24,5,402.0,268.0,193.0,171.0,405.0,1014.0,1413.0,2095.0,2154.0,2147.0,2183.0,2111.0,2039.0,2074.0,2127.0,2124.0,2184.0,2269.0,2179.0,1917.0,1608.0,1457.0,1050.0,696.0,37.477189,126.898532,서울시 금천구 독산동 142-7,1511.6666666666667
1048,신정로(작동터널),B-30,5,234.0,154.0,107.0,100.0,140.0,397.0,845.0,1204.0,1251.0,1171.0,1156.0,1180.0,1186.0,1237.0,1207.0,1231.0,1328.0,1457.0,1445.0,1147.0,888.0,767.0,612.0,379.0,37.506104,126.824602,서울시 구로구 궁동 산 1-94,867.625
1060,아차산로(워커힐),B-03,5,131.0,87.0,69.0,57.0,69.0,187.0,490.0,873.0,916.0,882.0,868.0,840.0,775.0,777.0,781.0,783.0,838.0,945.0,1005.0,750.0,577.0,507.0,351.0,213.0,37.550897,127.108955,서울시 광진구 광장동 145-2,573.7916666666666
1072,양녕로(상도터널),D-30,5,670.0,428.0,314.0,276.0,405.0,1001.0,1706.0,1931.0,1665.0,2095.0,2022.0,1843.0,1814.0,1849.0,1743.0,1699.0,1734.0,1610.0,1397.0,1218.0,1303.0,1386.0,1295.0,938.0,37.511204,126.953469,서울시 동작구 본동 136-4,1347.5833333333333
1084,양재대로(양재IC),B-16,5,855.0,547.0,395.0,356.0,608.0,2013.0,3857.0,4210.0,4095.0,4352.0,4218.0,3936.0,3904.0,4090.0,4017.0,4093.0,4312.0,4304.0,3876.0,3183.0,2818.0,2793.0,2306.0,1439.0,37.460089,127.030175,경기도 과천시 주암동 89-18,2940.7083333333335
1096,양화대교,C-05,5,1351.0,935.0,674.0,569.0,702.0,1365.0,2414.0,3128.0,3438.0,3454.0,3451.0,3435.0,3277.0,3326.0,3326.0,3395.0,3536.0,3646.0,3412.0,2912.0,2803.0,2841.0,2734.0,1955.0,37.542913,126.903766,서울시 마포구 합정동 351-4,2586.625
1108,언주로(매봉터널),D-38,5,419.0,280.0,200.0,162.0,193.0,391.0,926.0,1431.0,1625.0,1745.0,1727.0,1663.0,1669.0,1665.0,1718.0,1671.0,1695.0,1685.0,1691.0,1475.0,1381.0,1359.0,1186.0,669.0,37.492009,127.047969,서울시 강남구 도곡동 산 6-13,1192.75
1120,여의대방로(여의교),D-29,5,703.0,456.0,316.0,255.0,361.0,822.0,1414.0,2025.0,2252.0,2303.0,2220.0,2187.0,2118.0,2199.0,2254.0,2251.0,2319.0,2290.0,2123.0,1842.0,1720.0,1679.0,1497.0,1024.0,37.516852,126.928374,서울시 영등포구 여의도동 5-7,1609.5833333333333
1132,연희로(연희IC),D-17,5,338.0,226.0,162.0,124.0,146.0,272.0,510.0,754.0,776.0,896.0,954.0,962.0,990.0,980.0,1014.0,1032.0,1049.0,1087.0,1065.0,933.0,823.0,793.0,701.0,511.0,37.566264,126.930537,서울시 서대문구 연희동 187-58,712.4166666666666
1144,영동대교,C-16,5,1000.0,704.0,531.0,414.0,480.0,1080.0,2053.0,2516.0,2932.0,3104.0,3209.0,3312.0,3283.0,3355.0,3375.0,3404.0,3552.0,3552.0,3361.0,2780.0,2540.0,2656.0,2318.0,1440.0,37.530295,127.057339,서울시 광진구 자양동 825-1,2372.9583333333335
1156,영등포로(오목교),D-25,5,420.0,277.0,207.0,171.0,205.0,441.0,793.0,1207.0,1356.0,1486.0,1504.0,1530.0,1497.0,1544.0,1574.0,1571.0,1606.0,1601.0,1506.0,1262.0,1186.0,1148.0,996.0,587.0,37.523175,126.883725,서울시 영등포구 양평동2가 20-1,1069.7916666666667
1168,오리로(광명시계),B-20,5,190.0,126.0,80.0,78.0,106.0,209.0,377.0,614.0,659.0,686.0,693.0,679.0,681.0,720.0,739.0,776.0,802.0,812.0,781.0,706.0,610.0,544.0,435.0,267.0,37.482607,126.843109,서울시 구로구 천왕동 10-1,515.4166666666666
1180,오정로(부천시계),B-26,5,103.0,68.0,64.0,64.0,173.0,381.0,527.0,713.0,669.0,595.0,591.0,603.0,606.0,618.0,630.0,643.0,733.0,822.0,790.0,598.0,424.0,368.0,330.0,194.0,37.542779,126.809411,서울시 강서구 공항동 406-13,471.125
1192,올림픽대교,C-19,5,269.0,164.0,132.0,117.0,162.0,533.0,1202.0,1793.0,1947.0,1865.0,1938.0,1909.0,1765.0,1867.0,1935.0,2056.0,2180.0,2323.0,2182.0,1750.0,1317.0,1173.0,948.0,501.0,37.533789,127.10412,서울시 송파구 신천동 253,1334.5
1204,올림픽대로,F-01,5,2371.0,1620.0,1230.0,1138.0,1678.0,3971.0,5714.0,6108.0,6224.0,6343.0,6350.0,6424.0,6383.0,6381.0,6273.0,6197.0,6137.0,5937.0,5708.0,5356.0,5561.0,5818.0,5628.0,3803.0,37.506002,126.97375,서울시 동작구 동작동 322-3,4931.375
1216,올림픽대로(강일IC),B-10,5,1317.0,847.0,648.0,622.0,1013.0,2733.0,4873.0,5247.0,5574.0,5676.0,5717.0,5489.0,5581.0,5802.0,5863.0,5906.0,6019.0,5950.0,5656.0,5202.0,4904.0,4575.0,3890.0,2297.0,37.569891,127.157292,서울시 강동구 고덕동 365-3,4225.041666666667
1228,올림픽대로(개화IC),B-32,5,1335.0,953.0,783.0,831.0,1251.0,2825.0,3925.0,3752.0,3977.0,4196.0,4517.0,4532.0,4557.0,4669.0,4746.0,4766.0,4833.0,4902.0,4783.0,4358.0,4086.0,3757.0,3237.0,2172.0,37.587814,126.812795,서울 강서구 개화동 280-2,3489.2916666666665
1240,원효대교,C-08,5,263.0,193.0,123.0,92.0,115.0,424.0,775.0,1297.0,1490.0,1373.0,1413.0,1458.0,1348.0,1453.0,1492.0,1523.0,1540.0,1562.0,1471.0,1114.0,817.0,749.0,621.0,387.0,37.526745,126.945137,서울시 영등포구 여의도동 87-2,962.2083333333334
1252,율곡로(안국역),A-05,5,484.0,320.0,232.0,204.0,270.0,444.0,813.0,1126.0,1281.0,1330.0,1427.0,1499.0,1514.0,1539.0,1523.0,1514.0,1464.0,1459.0,1303.0,1210.0,1131.0,1139.0,1000.0,693.0,37.576,126.984342,서울시 종로구 경운동 90-4,1038.2916666666667
1264,을지로(을지로3가역),A-18,5,264.0,210.0,164.0,137.0,160.0,211.0,394.0,674.0,738.0,750.0,832.0,863.0,867.0,884.0,883.0,886.0,870.0,826.0,748.0,709.0,627.0,529.0,454.0,342.0,37.566114,126.989326,서울시 중구 을지로2가 149-10,584.25
1276,자하문로(자하문터널),A-03,5,164.0,100.0,70.0,58.0,79.0,192.0,543.0,764.0,744.0,820.0,807.0,732.0,709.0,741.0,770.0,793.0,839.0,858.0,811.0,671.0,553.0,537.0,464.0,289.0,37.588831,126.968548,서울시 종로구 청운동 24-6,546.1666666666666
1288,잠수교,C-12,5,170.0,108.0,68.0,49.0,51.0,160.0,365.0,539.0,574.0,606.0,632.0,623.0,612.0,635.0,648.0,675.0,686.0,711.0,639.0,547.0,468.0,488.0,496.0,294.0,37.50826,126.999744,서울시 서초구 잠원동 114,451.8333333333333
1300,잠실대교,C-18,5,776.0,518.0,367.0,304.0,378.0,770.0,1588.0,2269.0,2441.0,2458.0,2569.0,2600.0,2490.0,2471.0,2502.0,2608.0,2683.0,2753.0,2679.0,2303.0,2187.0,2150.0,1930.0,1264.0,37.523821,127.092036,서울시 송파구 신천동 245,1877.4166666666667
1312,장충단로(장충단공원),A-11,5,298.0,220.0,162.0,130.0,183.0,306.0,552.0,968.0,1154.0,1217.0,1229.0,1335.0,1340.0,1398.0,1419.0,1444.0,1397.0,1391.0,1305.0,1040.0,875.0,787.0,675.0,440.0,37.556889,127.004655,서울시 중구 장충동2가 산6-6,886.0416666666666
1324,종로(동묘앞역),A-08,5,576.0,425.0,336.0,297.0,379.0,582.0,891.0,1078.0,1188.0,1273.0,1328.0,1283.0,1315.0,1328.0,1310.0,1334.0,1342.0,1297.0,1258.0,1198.0,1124.0,1061.0,933.0,740.0,37.573262,127.017112,서울시 종로구 숭인동 273,994.8333333333334
1336,종로(종로3가역),A-15,5,401.0,284.0,217.0,173.0,204.0,373.0,679.0,973.0,1032.0,1089.0,1128.0,1155.0,1147.0,1160.0,1172.0,1187.0,1147.0,1133.0,1096.0,976.0,863.0,796.0,668.0,513.0,37.570216,126.990832,서울시 종로구 종로3가 137-3,815.25
1348,증산로(디지털미디어시티역),D-14,5,585.0,396.0,302.0,317.0,580.0,1327.0,1739.0,1769.0,1868.0,2007.0,1865.0,1759.0,1758.0,1800.0,1758.0,1783.0,1812.0,1655.0,1466.0,1319.0,1345.0,1335.0,1224.0,848.0,37.579684,126.905124,서울시 은평구 증산동 199-12,1359.0416666666667
1360,진흥로(구기터널),D-01,5,240.0,148.0,111.0,95.0,128.0,315.0,820.0,1060.0,1128.0,1190.0,1210.0,1160.0,1094.0,1125.0,1157.0,1213.0,1340.0,1416.0,1345.0,1108.0,893.0,838.0,728.0,425.0,37.608686,126.955198,서울시 종로구 구기동 244-7,845.2916666666666
1372,창경궁로(서울여자대학교),A-06,5,381.0,242.0,175.0,152.0,226.0,406.0,753.0,999.0,1059.0,1029.0,989.0,1021.0,1000.0,1004.0,1012.0,1018.0,1007.0,982.0,882.0,811.0,826.0,867.0,781.0,545.0,37.582526,126.998011,서울시 종로구 명륜4가 197-5,756.9583333333334
1384,천호대교,C-20,5,565.0,368.0,282.0,230.0,308.0,682.0,1346.0,1785.0,1919.0,1966.0,2034.0,2031.0,1932.0,1877.0,1920.0,1988.0,2071.0,2105.0,2024.0,1768.0,1632.0,1502.0,1375.0,843.0,37.542673,127.112883,서울시 송파구 풍납동 383,1439.7083333333333
1396,천호대로(군자교),D-05,5,623.0,449.0,350.0,298.0,360.0,704.0,1233.0,1804.0,2187.0,2193.0,2215.0,2172.0,2088.0,2183.0,2242.0,2254.0,2290.0,2323.0,2261.0,1947.0,1643.0,1548.0,1356.0,936.0,37.560716,127.068571,서울시 성동구 용답동 224-4,1569.125
1408,천호대로(상일IC),B-09,5,472.0,306.0,229.0,209.0,344.0,833.0,1674.0,2445.0,2782.0,2653.0,2689.0,2670.0,2686.0,2795.0,2839.0,2910.0,3089.0,3305.0,3186.0,2541.0,2067.0,1806.0,1418.0,776.0,37.547459,127.175222,서울시 강동구 상일동 12-2,1946.8333333333333
1420,철산교(광명시계),B-23,5,340.0,222.0,166.0,138.0,239.0,549.0,684.0,883.0,898.0,980.0,958.0,922.0,918.0,915.0,911.0,920.0,909.0,912.0,884.0,845.0,844.0,847.0,724.0,497.0,37.474933,126.878154,서울시 금천구 가산동 614-72,712.7083333333334
1432,청담대교,C-17,5,962.0,648.0,479.0,464.0,686.0,1821.0,2802.0,2951.0,3063.0,3187.0,3256.0,3281.0,3266.0,3232.0,3233.0,3318.0,3471.0,3438.0,3135.0,2937.0,3106.0,3090.0,2840.0,1623.0,37.525513,127.064067,서울시 강남구 청담동 345,2512.0416666666665
1444,칠패로(숭례문),A-19,5,133.0,89.0,65.0,49.0,55.0,102.0,178.0,279.0,361.0,383.0,398.0,426.0,415.0,450.0,454.0,463.0,482.0,471.0,462.0,379.0,332.0,307.0,277.0,204.0,37.559593,126.972518,서울시 중구 봉래동1가 47-2,300.5833333333333
1456,테헤란로(선릉역),D-42,5,631.0,482.0,377.0,294.0,263.0,326.0,546.0,975.0,1172.0,1296.0,1385.0,1534.0,1535.0,1631.0,1582.0,1590.0,1553.0,1467.0,1117.0,1155.0,1180.0,1288.0,1226.0,772.0,37.505483,127.052134,서울시 강남구 삼성동 172-66,1057.375
1468,통일로(고양시계),B-33,5,348.0,199.0,135.0,127.0,223.0,487.0,917.0,1250.0,1344.0,1378.0,1439.0,1423.0,1440.0,1464.0,1487.0,1489.0,1489.0,1456.0,1381.0,1241.0,1073.0,992.0,855.0,556.0,37.644685,126.91127,경기 고양시 덕양구 동산동 2-13,1008.0416666666666
1480,통일로(산골고개정류장),D-15,5,804.0,516.0,386.0,334.0,536.0,1124.0,1529.0,1485.0,1572.0,1739.0,1760.0,1729.0,1772.0,1782.0,1764.0,1774.0,1822.0,1803.0,1766.0,1669.0,1692.0,1686.0,1554.0,1183.0,37.594931,126.940246,서울시 서대문구 홍은동 137-8,1407.5416666666667
1492,퇴계로(신당역),A-09,5,495.0,376.0,309.0,269.0,313.0,458.0,673.0,885.0,922.0,1003.0,1073.0,1111.0,1114.0,1117.0,1113.0,1098.0,1091.0,1066.0,997.0,980.0,936.0,861.0,748.0,626.0,37.565712,127.020912,서울시 중구 황학동 710,818.0833333333334
1504,퇴계로(회현역),A-12,5,276.0,211.0,166.0,140.0,171.0,371.0,640.0,786.0,900.0,943.0,960.0,983.0,946.0,952.0,948.0,917.0,901.0,871.0,821.0,673.0,626.0,641.0,578.0,384.0,37.557432,126.976486,서울시 중구 남창동 236-2,658.5416666666666
1516,평창문화로(북악터널),D-02,5,241.0,151.0,109.0,91.0,135.0,330.0,756.0,1005.0,1048.0,1140.0,1140.0,1153.0,1120.0,1159.0,1207.0,1270.0,1371.0,1389.0,1306.0,1027.0,860.0,836.0,728.0,421.0,37.611547,126.979308,서울시 종로구 평창동 2-15,833.0416666666666
1528,한강대교,C-09,5,,,,,,,,,,,,,,,,,,,,,,,,,37.51816,126.959472,서울시 용산구 이촌동 302-211,
1540,한남대교,C-13,5,1586.0,1052.0,756.0,626.0,829.0,2153.0,3596.0,4329.0,4841.0,4961.0,4922.0,5022.0,4831.0,4979.0,5045.0,5027.0,4947.0,5022.0,5013.0,4346.0,3980.0,4270.0,3937.0,2498.0,37.526946,127.01319,서울시 강남구 신사동 490,3690.3333333333335
1552,행주대교,C-01,5,408.0,284.0,211.0,233.0,383.0,995.0,2109.0,2594.0,2725.0,2830.0,3005.0,3045.0,2918.0,3021.0,3171.0,3339.0,3604.0,3798.0,3688.0,2812.0,1928.0,1604.0,1326.0,717.0,37.598121,126.809931,서울시 강서구 개화동 652,2114.5
1564,헌릉로(세곡동사거리),D-40,5,249.0,153.0,109.0,93.0,154.0,473.0,1065.0,1562.0,1671.0,1800.0,1864.0,1799.0,1712.0,1725.0,1805.0,1886.0,2068.0,2136.0,1954.0,1473.0,1164.0,1053.0,879.0,464.0,37.465092,127.105635,서울시 강남구 세곡동 산 30-4,1221.2916666666667
1576,화곡로(화곡로입구),B-27,5,271.0,188.0,142.0,136.0,214.0,546.0,834.0,931.0,977.0,916.0,959.0,972.0,972.0,979.0,988.0,1004.0,1034.0,1015.0,955.0,818.0,735.0,684.0,627.0,410.0,37.539227,126.823123,서울시 양천구 신월동 37-1,721.125
1588,화랑로(상월곡역),D-08,5,759.0,522.0,419.0,390.0,567.0,1111.0,1334.0,1458.0,1725.0,1733.0,1738.0,1717.0,1746.0,1735.0,1723.0,1742.0,1721.0,1750.0,1734.0,1704.0,1627.0,1618.0,1514.0,1100.0,37.603932,127.044044,서울시 성북구 하월곡동 37-7,1382.7916666666667
1600,화랑로(조선왕릉),B-06,5,302.0,211.0,156.0,139.0,199.0,439.0,931.0,1316.0,1367.0,1390.0,1322.0,1296.0,1342.0,1350.0,1383.0,1412.0,1464.0,1499.0,1436.0,1217.0,1006.0,915.0,772.0,457.0,37.630725,127.098984,서울시 노원구 공릉동산223-19,971.7083333333334
1612,화랑로(화랑대역),D-10,5,601.0,404.0,304.0,297.0,420.0,941.0,1409.0,1495.0,1581.0,1719.0,1862.0,1818.0,1804.0,1818.0,1845.0,1856.0,1846.0,1826.0,1826.0,1713.0,1596.0,1535.0,1366.0,898.0,37.619936,127.08295,"서울시, 노원구 공릉동 280-2",1365.8333333333333
